--
-- PostgreSQL database dump
--

-- Dumped from database version 17.2
-- Dumped by pg_dump version 17.2

SET statement_timeout = 0;
SET lock_timeout = 0;
SET idle_in_transaction_session_timeout = 0;
SET transaction_timeout = 0;
SET client_encoding = 'UTF8';
SET standard_conforming_strings = on;
SELECT pg_catalog.set_config('search_path', '', false);
SET check_function_bodies = false;
SET xmloption = content;
SET client_min_messages = warning;
SET row_security = off;

SET default_tablespace = '';

SET default_table_access_method = heap;

--
-- Name: auth_group; Type: TABLE; Schema: public; Owner: postgres
--

CREATE TABLE public.auth_group (
    id integer NOT NULL,
    name character varying(150) NOT NULL
);


ALTER TABLE public.auth_group OWNER TO postgres;

--
-- Name: auth_group_id_seq; Type: SEQUENCE; Schema: public; Owner: postgres
--

ALTER TABLE public.auth_group ALTER COLUMN id ADD GENERATED BY DEFAULT AS IDENTITY (
    SEQUENCE NAME public.auth_group_id_seq
    START WITH 1
    INCREMENT BY 1
    NO MINVALUE
    NO MAXVALUE
    CACHE 1
);


--
-- Name: auth_group_permissions; Type: TABLE; Schema: public; Owner: postgres
--

CREATE TABLE public.auth_group_permissions (
    id bigint NOT NULL,
    group_id integer NOT NULL,
    permission_id integer NOT NULL
);


ALTER TABLE public.auth_group_permissions OWNER TO postgres;

--
-- Name: auth_group_permissions_id_seq; Type: SEQUENCE; Schema: public; Owner: postgres
--

ALTER TABLE public.auth_group_permissions ALTER COLUMN id ADD GENERATED BY DEFAULT AS IDENTITY (
    SEQUENCE NAME public.auth_group_permissions_id_seq
    START WITH 1
    INCREMENT BY 1
    NO MINVALUE
    NO MAXVALUE
    CACHE 1
);


--
-- Name: auth_permission; Type: TABLE; Schema: public; Owner: postgres
--

CREATE TABLE public.auth_permission (
    id integer NOT NULL,
    name character varying(255) NOT NULL,
    content_type_id integer NOT NULL,
    codename character varying(100) NOT NULL
);


ALTER TABLE public.auth_permission OWNER TO postgres;

--
-- Name: auth_permission_id_seq; Type: SEQUENCE; Schema: public; Owner: postgres
--

ALTER TABLE public.auth_permission ALTER COLUMN id ADD GENERATED BY DEFAULT AS IDENTITY (
    SEQUENCE NAME public.auth_permission_id_seq
    START WITH 1
    INCREMENT BY 1
    NO MINVALUE
    NO MAXVALUE
    CACHE 1
);


--
-- Name: authtoken_token; Type: TABLE; Schema: public; Owner: postgres
--

CREATE TABLE public.authtoken_token (
    key character varying(40) NOT NULL,
    created timestamp with time zone NOT NULL,
    user_id bigint NOT NULL
);


ALTER TABLE public.authtoken_token OWNER TO postgres;

--
-- Name: django_admin_log; Type: TABLE; Schema: public; Owner: postgres
--

CREATE TABLE public.django_admin_log (
    id integer NOT NULL,
    action_time timestamp with time zone NOT NULL,
    object_id text,
    object_repr character varying(200) NOT NULL,
    action_flag smallint NOT NULL,
    change_message text NOT NULL,
    content_type_id integer,
    user_id bigint NOT NULL,
    CONSTRAINT django_admin_log_action_flag_check CHECK ((action_flag >= 0))
);


ALTER TABLE public.django_admin_log OWNER TO postgres;

--
-- Name: django_admin_log_id_seq; Type: SEQUENCE; Schema: public; Owner: postgres
--

ALTER TABLE public.django_admin_log ALTER COLUMN id ADD GENERATED BY DEFAULT AS IDENTITY (
    SEQUENCE NAME public.django_admin_log_id_seq
    START WITH 1
    INCREMENT BY 1
    NO MINVALUE
    NO MAXVALUE
    CACHE 1
);


--
-- Name: django_content_type; Type: TABLE; Schema: public; Owner: postgres
--

CREATE TABLE public.django_content_type (
    id integer NOT NULL,
    app_label character varying(100) NOT NULL,
    model character varying(100) NOT NULL
);


ALTER TABLE public.django_content_type OWNER TO postgres;

--
-- Name: django_content_type_id_seq; Type: SEQUENCE; Schema: public; Owner: postgres
--

ALTER TABLE public.django_content_type ALTER COLUMN id ADD GENERATED BY DEFAULT AS IDENTITY (
    SEQUENCE NAME public.django_content_type_id_seq
    START WITH 1
    INCREMENT BY 1
    NO MINVALUE
    NO MAXVALUE
    CACHE 1
);


--
-- Name: django_migrations; Type: TABLE; Schema: public; Owner: postgres
--

CREATE TABLE public.django_migrations (
    id bigint NOT NULL,
    app character varying(255) NOT NULL,
    name character varying(255) NOT NULL,
    applied timestamp with time zone NOT NULL
);


ALTER TABLE public.django_migrations OWNER TO postgres;

--
-- Name: django_migrations_id_seq; Type: SEQUENCE; Schema: public; Owner: postgres
--

ALTER TABLE public.django_migrations ALTER COLUMN id ADD GENERATED BY DEFAULT AS IDENTITY (
    SEQUENCE NAME public.django_migrations_id_seq
    START WITH 1
    INCREMENT BY 1
    NO MINVALUE
    NO MAXVALUE
    CACHE 1
);


--
-- Name: django_session; Type: TABLE; Schema: public; Owner: postgres
--

CREATE TABLE public.django_session (
    session_key character varying(40) NOT NULL,
    session_data text NOT NULL,
    expire_date timestamp with time zone NOT NULL
);


ALTER TABLE public.django_session OWNER TO postgres;

--
-- Name: equipment_activite; Type: TABLE; Schema: public; Owner: postgres
--

CREATE TABLE public.equipment_activite (
    id bigint NOT NULL,
    description text NOT NULL,
    date timestamp with time zone NOT NULL,
    utilisateur_id bigint NOT NULL
);


ALTER TABLE public.equipment_activite OWNER TO postgres;

--
-- Name: equipment_activite_id_seq; Type: SEQUENCE; Schema: public; Owner: postgres
--

ALTER TABLE public.equipment_activite ALTER COLUMN id ADD GENERATED BY DEFAULT AS IDENTITY (
    SEQUENCE NAME public.equipment_activite_id_seq
    START WITH 1
    INCREMENT BY 1
    NO MINVALUE
    NO MAXVALUE
    CACHE 1
);


--
-- Name: equipment_adminprofile; Type: TABLE; Schema: public; Owner: postgres
--

CREATE TABLE public.equipment_adminprofile (
    id bigint NOT NULL,
    department character varying(100) NOT NULL,
    phone_number character varying(20) NOT NULL,
    created_at timestamp with time zone NOT NULL,
    user_id bigint NOT NULL
);


ALTER TABLE public.equipment_adminprofile OWNER TO postgres;

--
-- Name: equipment_adminprofile_id_seq; Type: SEQUENCE; Schema: public; Owner: postgres
--

ALTER TABLE public.equipment_adminprofile ALTER COLUMN id ADD GENERATED BY DEFAULT AS IDENTITY (
    SEQUENCE NAME public.equipment_adminprofile_id_seq
    START WITH 1
    INCREMENT BY 1
    NO MINVALUE
    NO MAXVALUE
    CACHE 1
);


--
-- Name: equipment_customuser; Type: TABLE; Schema: public; Owner: postgres
--

CREATE TABLE public.equipment_customuser (
    id bigint NOT NULL,
    password character varying(128) NOT NULL,
    last_login timestamp with time zone,
    is_superuser boolean NOT NULL,
    email character varying(254) NOT NULL,
    is_active boolean NOT NULL,
    is_staff boolean NOT NULL,
    date_joined timestamp with time zone NOT NULL,
    first_name character varying(30) NOT NULL,
    last_name character varying(30) NOT NULL,
    must_change_password boolean NOT NULL,
    role character varying(20) NOT NULL,
    plain_password character varying(128)
);


ALTER TABLE public.equipment_customuser OWNER TO postgres;

--
-- Name: equipment_customuser_groups; Type: TABLE; Schema: public; Owner: postgres
--

CREATE TABLE public.equipment_customuser_groups (
    id bigint NOT NULL,
    customuser_id bigint NOT NULL,
    group_id integer NOT NULL
);


ALTER TABLE public.equipment_customuser_groups OWNER TO postgres;

--
-- Name: equipment_customuser_groups_id_seq; Type: SEQUENCE; Schema: public; Owner: postgres
--

ALTER TABLE public.equipment_customuser_groups ALTER COLUMN id ADD GENERATED BY DEFAULT AS IDENTITY (
    SEQUENCE NAME public.equipment_customuser_groups_id_seq
    START WITH 1
    INCREMENT BY 1
    NO MINVALUE
    NO MAXVALUE
    CACHE 1
);


--
-- Name: equipment_customuser_id_seq; Type: SEQUENCE; Schema: public; Owner: postgres
--

ALTER TABLE public.equipment_customuser ALTER COLUMN id ADD GENERATED BY DEFAULT AS IDENTITY (
    SEQUENCE NAME public.equipment_customuser_id_seq
    START WITH 1
    INCREMENT BY 1
    NO MINVALUE
    NO MAXVALUE
    CACHE 1
);


--
-- Name: equipment_customuser_user_permissions; Type: TABLE; Schema: public; Owner: postgres
--

CREATE TABLE public.equipment_customuser_user_permissions (
    id bigint NOT NULL,
    customuser_id bigint NOT NULL,
    permission_id integer NOT NULL
);


ALTER TABLE public.equipment_customuser_user_permissions OWNER TO postgres;

--
-- Name: equipment_customuser_user_permissions_id_seq; Type: SEQUENCE; Schema: public; Owner: postgres
--

ALTER TABLE public.equipment_customuser_user_permissions ALTER COLUMN id ADD GENERATED BY DEFAULT AS IDENTITY (
    SEQUENCE NAME public.equipment_customuser_user_permissions_id_seq
    START WITH 1
    INCREMENT BY 1
    NO MINVALUE
    NO MAXVALUE
    CACHE 1
);


--
-- Name: equipment_demande; Type: TABLE; Schema: public; Owner: postgres
--

CREATE TABLE public.equipment_demande (
    id bigint NOT NULL,
    titre character varying(255) NOT NULL,
    description text NOT NULL,
    date_creation timestamp with time zone NOT NULL,
    statut character varying(20) NOT NULL
);


ALTER TABLE public.equipment_demande OWNER TO postgres;

--
-- Name: equipment_demande_id_seq; Type: SEQUENCE; Schema: public; Owner: postgres
--

ALTER TABLE public.equipment_demande ALTER COLUMN id ADD GENERATED BY DEFAULT AS IDENTITY (
    SEQUENCE NAME public.equipment_demande_id_seq
    START WITH 1
    INCREMENT BY 1
    NO MINVALUE
    NO MAXVALUE
    CACHE 1
);


--
-- Name: equipment_equipementstatistiques; Type: TABLE; Schema: public; Owner: postgres
--

CREATE TABLE public.equipment_equipementstatistiques (
    id bigint NOT NULL,
    total integer NOT NULL,
    en_panne integer NOT NULL,
    en_maintenance integer NOT NULL
);


ALTER TABLE public.equipment_equipementstatistiques OWNER TO postgres;

--
-- Name: equipment_equipementstatistiques_id_seq; Type: SEQUENCE; Schema: public; Owner: postgres
--

ALTER TABLE public.equipment_equipementstatistiques ALTER COLUMN id ADD GENERATED BY DEFAULT AS IDENTITY (
    SEQUENCE NAME public.equipment_equipementstatistiques_id_seq
    START WITH 1
    INCREMENT BY 1
    NO MINVALUE
    NO MAXVALUE
    CACHE 1
);


--
-- Name: equipment_equipment; Type: TABLE; Schema: public; Owner: postgres
--

CREATE TABLE public.equipment_equipment (
    id bigint NOT NULL,
    name character varying(100) NOT NULL,
    type character varying(100) NOT NULL,
    serial_number character varying(100) NOT NULL,
    purchase_date date NOT NULL,
    purchase_cost numeric(10,2) NOT NULL,
    lifetime_years integer NOT NULL,
    usage_hours integer NOT NULL,
    state character varying(20) NOT NULL,
    location character varying(100) NOT NULL,
    equipment_code character varying(100) NOT NULL,
    installation_date date NOT NULL,
    last_maintenance_date date NOT NULL,
    photo character varying(100)
);


ALTER TABLE public.equipment_equipment OWNER TO postgres;

--
-- Name: equipment_equipment_id_seq; Type: SEQUENCE; Schema: public; Owner: postgres
--

ALTER TABLE public.equipment_equipment ALTER COLUMN id ADD GENERATED BY DEFAULT AS IDENTITY (
    SEQUENCE NAME public.equipment_equipment_id_seq
    START WITH 1
    INCREMENT BY 1
    NO MINVALUE
    NO MAXVALUE
    CACHE 1
);


--
-- Name: equipment_maintenance; Type: TABLE; Schema: public; Owner: postgres
--

CREATE TABLE public.equipment_maintenance (
    id bigint NOT NULL,
    type character varying(50) NOT NULL,
    status character varying(50) NOT NULL,
    cost numeric(10,2) NOT NULL,
    machine_id bigint NOT NULL,
    technicien_id bigint,
    date_debut date,
    date_fin date,
    lieu_correction character varying(255),
    photo_piece character varying(100),
    rapport text
);


ALTER TABLE public.equipment_maintenance OWNER TO postgres;

--
-- Name: equipment_maintenance_id_seq; Type: SEQUENCE; Schema: public; Owner: postgres
--

ALTER TABLE public.equipment_maintenance ALTER COLUMN id ADD GENERATED BY DEFAULT AS IDENTITY (
    SEQUENCE NAME public.equipment_maintenance_id_seq
    START WITH 1
    INCREMENT BY 1
    NO MINVALUE
    NO MAXVALUE
    CACHE 1
);


--
-- Name: equipment_notification; Type: TABLE; Schema: public; Owner: postgres
--

CREATE TABLE public.equipment_notification (
    id bigint NOT NULL,
    message text NOT NULL,
    type character varying(10) NOT NULL,
    created_at timestamp with time zone NOT NULL,
    recipient_user_id bigint,
    recipient_group_id integer,
    is_read boolean NOT NULL
);


ALTER TABLE public.equipment_notification OWNER TO postgres;

--
-- Name: equipment_notification_id_seq; Type: SEQUENCE; Schema: public; Owner: postgres
--

ALTER TABLE public.equipment_notification ALTER COLUMN id ADD GENERATED BY DEFAULT AS IDENTITY (
    SEQUENCE NAME public.equipment_notification_id_seq
    START WITH 1
    INCREMENT BY 1
    NO MINVALUE
    NO MAXVALUE
    CACHE 1
);


--
-- Name: equipment_panne; Type: TABLE; Schema: public; Owner: postgres
--

CREATE TABLE public.equipment_panne (
    id bigint NOT NULL,
    description text NOT NULL,
    image character varying(100),
    date_signalement date NOT NULL,
    est_resolue boolean NOT NULL,
    date_resolution date,
    equipment_id bigint NOT NULL,
    signalee_par_id bigint,
    niveau_urgence character varying(10) NOT NULL
);


ALTER TABLE public.equipment_panne OWNER TO postgres;

--
-- Name: equipment_panne_id_seq; Type: SEQUENCE; Schema: public; Owner: postgres
--

ALTER TABLE public.equipment_panne ALTER COLUMN id ADD GENERATED BY DEFAULT AS IDENTITY (
    SEQUENCE NAME public.equipment_panne_id_seq
    START WITH 1
    INCREMENT BY 1
    NO MINVALUE
    NO MAXVALUE
    CACHE 1
);


--
-- Name: equipment_technician; Type: TABLE; Schema: public; Owner: postgres
--

CREATE TABLE public.equipment_technician (
    id bigint NOT NULL,
    name character varying(100) NOT NULL,
    phone character varying(15) NOT NULL,
    user_id bigint NOT NULL
);


ALTER TABLE public.equipment_technician OWNER TO postgres;

--
-- Name: equipment_technician_id_seq; Type: SEQUENCE; Schema: public; Owner: postgres
--

ALTER TABLE public.equipment_technician ALTER COLUMN id ADD GENERATED BY DEFAULT AS IDENTITY (
    SEQUENCE NAME public.equipment_technician_id_seq
    START WITH 1
    INCREMENT BY 1
    NO MINVALUE
    NO MAXVALUE
    CACHE 1
);


--
-- Data for Name: auth_group; Type: TABLE DATA; Schema: public; Owner: postgres
--

COPY public.auth_group (id, name) FROM stdin;
1	tech
\.


--
-- Data for Name: auth_group_permissions; Type: TABLE DATA; Schema: public; Owner: postgres
--

COPY public.auth_group_permissions (id, group_id, permission_id) FROM stdin;
1	1	33
2	1	34
3	1	35
4	1	36
5	1	37
6	1	38
7	1	39
8	1	40
9	1	17
10	1	28
\.


--
-- Data for Name: auth_permission; Type: TABLE DATA; Schema: public; Owner: postgres
--

COPY public.auth_permission (id, name, content_type_id, codename) FROM stdin;
1	Can add log entry	1	add_logentry
2	Can change log entry	1	change_logentry
3	Can delete log entry	1	delete_logentry
4	Can view log entry	1	view_logentry
5	Can add permission	2	add_permission
6	Can change permission	2	change_permission
7	Can delete permission	2	delete_permission
8	Can view permission	2	view_permission
9	Can add group	3	add_group
10	Can change group	3	change_group
11	Can delete group	3	delete_group
12	Can view group	3	view_group
13	Can add content type	4	add_contenttype
14	Can change content type	4	change_contenttype
15	Can delete content type	4	delete_contenttype
16	Can view content type	4	view_contenttype
17	Can add session	5	add_session
18	Can change session	5	change_session
19	Can delete session	5	delete_session
20	Can view session	5	view_session
21	Can add equipement statistiques	6	add_equipementstatistiques
22	Can change equipement statistiques	6	change_equipementstatistiques
23	Can delete equipement statistiques	6	delete_equipementstatistiques
24	Can view equipement statistiques	6	view_equipementstatistiques
25	Can add equipment	7	add_equipment
26	Can change equipment	7	change_equipment
27	Can delete equipment	7	delete_equipment
28	Can view equipment	7	view_equipment
29	Can add custom user	8	add_customuser
30	Can change custom user	8	change_customuser
31	Can delete custom user	8	delete_customuser
32	Can view custom user	8	view_customuser
33	Can add maintenance	9	add_maintenance
34	Can change maintenance	9	change_maintenance
35	Can delete maintenance	9	delete_maintenance
36	Can view maintenance	9	view_maintenance
37	Can add notification	10	add_notification
38	Can change notification	10	change_notification
39	Can delete notification	10	delete_notification
40	Can view notification	10	view_notification
41	Can add technician	11	add_technician
42	Can change technician	11	change_technician
43	Can delete technician	11	delete_technician
44	Can view technician	11	view_technician
45	Can add Token	12	add_token
46	Can change Token	12	change_token
47	Can delete Token	12	delete_token
48	Can view Token	12	view_token
49	Can add Token	13	add_tokenproxy
50	Can change Token	13	change_tokenproxy
51	Can delete Token	13	delete_tokenproxy
52	Can view Token	13	view_tokenproxy
53	Can add demande	14	add_demande
54	Can change demande	14	change_demande
55	Can delete demande	14	delete_demande
56	Can view demande	14	view_demande
57	Can add panne	15	add_panne
58	Can change panne	15	change_panne
59	Can delete panne	15	delete_panne
60	Can view panne	15	view_panne
61	Can add admin profile	16	add_adminprofile
62	Can change admin profile	16	change_adminprofile
63	Can delete admin profile	16	delete_adminprofile
64	Can view admin profile	16	view_adminprofile
65	Can add activite	17	add_activite
66	Can change activite	17	change_activite
67	Can delete activite	17	delete_activite
68	Can view activite	17	view_activite
\.


--
-- Data for Name: authtoken_token; Type: TABLE DATA; Schema: public; Owner: postgres
--

COPY public.authtoken_token (key, created, user_id) FROM stdin;
\.


--
-- Data for Name: django_admin_log; Type: TABLE DATA; Schema: public; Owner: postgres
--

COPY public.django_admin_log (id, action_time, object_id, object_repr, action_flag, change_message, content_type_id, user_id) FROM stdin;
24	2025-05-29 16:26:10.697242+02	3	ayaghimouz594@gmail.com	2	[{"changed": {"fields": ["password"]}}]	8	14
25	2025-05-29 16:52:48.164045+02	3	ayaghimouz594@gmail.com	2	[{"changed": {"fields": ["password"]}}]	8	14
26	2025-05-29 18:23:11.742867+02	3	ayaghimouz594@gmail.com	2	[{"changed": {"fields": ["password"]}}]	8	14
27	2025-05-29 18:34:51.169732+02	3	ayaghimouz594@gmail.com	3		8	14
28	2025-05-29 18:35:44.565753+02	16	ayaghimouze594@gmail.com	1	[{"added": {}}]	8	14
29	2025-05-29 18:37:06.651162+02	16	ayaghimouze594@gmail.com	2	[{"changed": {"fields": ["password"]}}]	8	14
30	2025-05-29 18:44:35.331585+02	17	ayaghmz@gmail.com	2	[{"changed": {"fields": ["Role"]}}]	8	17
31	2025-05-29 19:49:02.507997+02	17	ayaghmz@gmail.com	2	[{"changed": {"fields": ["Pr\\u00e9nom", "Nom"]}}]	8	17
32	2025-05-30 01:18:01.097439+02	9	Maintenance object (9)	1	[{"added": {}}]	9	17
33	2025-05-30 01:18:52.593756+02	10	Maintenance object (10)	1	[{"added": {}}]	9	17
34	2025-05-30 01:20:05.808655+02	11	Maintenance object (11)	1	[{"added": {}}]	9	17
35	2025-05-30 01:33:58.740829+02	13	Maintenance object (13)	1	[{"added": {}}]	9	17
36	2025-05-30 01:35:18.669168+02	12	Maintenance object (12)	2	[{"changed": {"fields": ["Status", "Notes", "Date debut", "Date fin", "Rapport", "Tech group"]}}]	9	17
37	2025-05-30 01:36:30.406317+02	14	Maintenance object (14)	1	[{"added": {}}]	9	17
38	2025-05-30 01:46:15.086407+02	15	Maintenance object (15)	1	[{"added": {}}]	9	17
39	2025-05-30 01:57:09.870547+02	16	Maintenance object (16)	1	[{"added": {}}]	9	17
40	2025-05-30 02:14:56.163041+02	16	Maintenance object (16)	2	[]	9	17
41	2025-05-30 02:15:08.837422+02	15	Maintenance object (15)	2	[{"changed": {"fields": ["Tech group"]}}]	9	17
42	2025-05-30 02:15:23.388093+02	11	Maintenance object (11)	2	[{"changed": {"fields": ["Tech group"]}}]	9	17
43	2025-05-30 02:15:37.268056+02	10	Maintenance object (10)	2	[]	9	17
44	2025-05-30 02:15:48.381169+02	16	Maintenance object (16)	2	[{"changed": {"fields": ["Tech group"]}}]	9	17
45	2025-05-30 02:27:34.424351+02	17	Maintenance object (17)	1	[{"added": {}}]	9	17
46	2025-05-30 02:46:19.996237+02	30	Maintenance object (30)	1	[{"added": {}}]	9	17
47	2025-05-30 15:32:11.158274+02	19	boutheinameriche@gmail.com	1	[{"added": {}}]	8	17
48	2025-05-30 15:35:47.871993+02	11	yassergm123@gmail.com	2	[{"changed": {"fields": ["password"]}}]	8	17
49	2025-06-07 17:38:06.443665+02	22	Pompe hydraulique - sdrtyujk,	1	[{"added": {}}]	15	17
50	2025-06-07 17:38:32.222442+02	23	Pompe hydraulique - gdyihsadjkdsa	1	[{"added": {}}]	15	17
51	2025-06-07 21:06:47.844201+02	32	Maintenance object (32)	1	[{"added": {}}]	9	17
52	2025-06-13 19:28:01.668507+02	43	mmmmmmmm	1	[{"added": {}}]	10	17
53	2025-06-13 19:34:40.118906+02	45	ااااااااات	1	[{"added": {}}]	10	17
54	2025-06-13 19:35:29.414804+02	46	hhhh	1	[{"added": {}}]	10	17
55	2025-06-13 19:38:02.363052+02	47	hh	1	[{"added": {}}]	10	17
56	2025-06-13 20:59:23.9606+02	29	Compresseur A1 - ىىىى	1	[{"added": {}}]	15	17
57	2025-06-14 19:36:36.771773+02	9	Générateur Diesel GD-5000	3		7	17
58	2025-06-14 19:36:36.77182+02	8	Générateur Diesel GD-5000	3		7	17
59	2025-06-19 23:49:30.723175+02	22	boutheinamer@gmail.com	1	[{"added": {}}]	8	17
60	2025-06-19 23:49:44.492532+02	22	boutheinamer@gmail.com	2	[]	8	17
61	2025-06-22 01:31:48.185536+02	42	Générateur Diesel GD-5000 - .	1	[{"added": {}}]	15	17
62	2025-06-23 00:45:37.823513+02	43	yyyy - .	1	[{"added": {}}]	15	14
63	2025-11-07 20:26:56.658802+01	27	demo2022@gmail.com	1	[{"added": {}}]	8	17
64	2025-11-07 20:29:08.11532+01	27	demo2022@gmail.com	2	[{"changed": {"fields": ["password"]}}]	8	17
\.


--
-- Data for Name: django_content_type; Type: TABLE DATA; Schema: public; Owner: postgres
--

COPY public.django_content_type (id, app_label, model) FROM stdin;
1	admin	logentry
2	auth	permission
3	auth	group
4	contenttypes	contenttype
5	sessions	session
6	equipment	equipementstatistiques
7	equipment	equipment
8	equipment	customuser
9	equipment	maintenance
10	equipment	notification
11	equipment	technician
12	authtoken	token
13	authtoken	tokenproxy
14	equipment	demande
15	equipment	panne
16	equipment	adminprofile
17	equipment	activite
\.


--
-- Data for Name: django_migrations; Type: TABLE DATA; Schema: public; Owner: postgres
--

COPY public.django_migrations (id, app, name, applied) FROM stdin;
1	contenttypes	0001_initial	2025-05-04 03:13:42.525591+02
2	contenttypes	0002_remove_content_type_name	2025-05-04 03:13:42.539969+02
3	auth	0001_initial	2025-05-04 03:13:42.617047+02
4	auth	0002_alter_permission_name_max_length	2025-05-04 03:13:42.627428+02
5	auth	0003_alter_user_email_max_length	2025-05-04 03:13:42.637966+02
6	auth	0004_alter_user_username_opts	2025-05-04 03:13:42.64922+02
7	auth	0005_alter_user_last_login_null	2025-05-04 03:13:42.661549+02
8	auth	0006_require_contenttypes_0002	2025-05-04 03:13:42.664825+02
9	auth	0007_alter_validators_add_error_messages	2025-05-04 03:13:42.690884+02
10	auth	0008_alter_user_username_max_length	2025-05-04 03:13:42.706998+02
11	auth	0009_alter_user_last_name_max_length	2025-05-04 03:13:42.722665+02
12	auth	0010_alter_group_name_max_length	2025-05-04 03:13:42.746959+02
13	auth	0011_update_proxy_permissions	2025-05-04 03:13:42.764714+02
14	auth	0012_alter_user_first_name_max_length	2025-05-04 03:13:42.781697+02
15	equipment	0001_initial	2025-05-04 03:13:43.07976+02
16	admin	0001_initial	2025-05-04 03:13:43.157583+02
17	admin	0002_logentry_remove_auto_add	2025-05-04 03:13:43.189756+02
18	admin	0003_logentry_add_action_flag_choices	2025-05-04 03:13:43.225579+02
19	authtoken	0001_initial	2025-05-04 03:13:43.280277+02
20	authtoken	0002_auto_20160226_1747	2025-05-04 03:13:43.349569+02
21	authtoken	0003_tokenproxy	2025-05-04 03:13:43.352981+02
22	authtoken	0004_alter_tokenproxy_options	2025-05-04 03:13:43.359657+02
23	sessions	0001_initial	2025-05-04 03:13:43.375178+02
24	equipment	0002_customuser_must_change_password	2025-05-04 18:04:07.744233+02
25	equipment	0003_alter_customuser_must_change_password	2025-05-04 21:03:04.650259+02
26	equipment	0004_remove_customuser_must_change_password_and_more	2025-05-04 22:36:19.732402+02
27	equipment	0005_customuser_must_change_password	2025-05-05 00:46:35.976207+02
28	equipment	0006_customuser_role	2025-05-05 02:50:16.026794+02
29	equipment	0007_demande	2025-05-05 19:00:19.774653+02
30	equipment	0008_alter_equipment_state	2025-05-05 20:57:53.265802+02
31	equipment	0009_maintenance_date_debut_maintenance_date_fin_and_more	2025-05-06 04:13:10.097039+02
32	equipment	0010_panne	2025-05-19 22:34:57.738788+02
33	equipment	0011_adminprofile	2025-05-23 17:56:07.984272+02
34	equipment	0012_panne_niveau_urgence	2025-05-23 19:00:20.299016+02
35	equipment	0013_customuser_plain_password	2025-05-28 22:12:56.962213+02
36	equipment	0014_activite	2025-05-30 02:05:21.859455+02
37	equipment	0015_rename_user_notification_recipient_user_and_more	2025-06-09 23:42:11.649348+02
38	equipment	0016_notification_is_read	2025-06-10 21:06:19.266477+02
39	equipment	0017_remove_maintenance_date_remove_maintenance_notes_and_more	2025-06-14 17:58:28.379145+02
40	equipment	0018_alter_customuser_role_alter_panne_signalee_par	2025-06-22 22:10:06.039309+02
\.


--
-- Data for Name: django_session; Type: TABLE DATA; Schema: public; Owner: postgres
--

COPY public.django_session (session_key, session_data, expire_date) FROM stdin;
iwiwrwzkt1hf11nieimxkucio23u43pz	.eJxVjEEOwiAUBe_C2hBo4Ze6dO8ZyIMPtmogKe3KeHdt0oVu38y8l_DY1slvLS1-ZnEWnTj9bgHxkcoO-I5yqzLWsi5zkLsiD9rktXJ6Xg7372BCm761YcOAZqe07sF9pwBSHI0KlphAoxmS6hFyznDgMI5korMD2UhaJ_H-APT2OEw:1uBbkP:ehqb7cXq_9zNpMHdxH8EuIHpcPqS5D1dYs9tK8jG_og	2025-05-04 18:59:21.875981+02
jfboha2fylzhm4q52v8w12f8q6d1ulb2	.eJxVjEEOwiAQRe_C2pDCADN16d4zkIGhUjVtUtqV8e7apAvd_vfef6nI21rj1soSR1FnBer0uyXOjzLtQO483Wad52ldxqR3RR-06ess5Xk53L-Dyq1-655kAGNBqBM01GePmanzHBwwypCKL8Y7h4CJwSJbsI4DlWCJsDfq_QHQEDb0:1uBfLB:NeWHpB7mEQ1HDS90O97mG_mje081mrJnj4yIQzt2peg	2025-05-04 22:49:33.163266+02
usvorrl3kuucyxkv9oobtbn2l5qcu4e5	.eJxVjEEOwiAQRe_C2pDCADN16d4zkIGhUjVtUtqV8e7apAvd_vfef6nI21rj1soSR1FnBer0uyXOjzLtQO483Wad52ldxqR3RR-06ess5Xk53L-Dyq1-655kAGNBqBM01GePmanzHBwwypCKL8Y7h4CJwSJbsI4DlWCJsDfq_QHQEDb0:1uBhv5:TT5W90VNPwIA7GIv8gDcd-yYXO9om8YMQbUYqFURSxU	2025-05-05 01:34:47.177391+02
qbslbowxwgzai1s3msgwihjm8a677qcx	.eJxVjEEOwiAUBe_C2hBo4Ze6dO8ZyIMPtmogKe3KeHdt0oVu38y8l_DY1slvLS1-ZnEWnTj9bgHxkcoO-I5yqzLWsi5zkLsiD9rktXJ6Xg7372BCm761YcOAZqe07sF9pwBSHI0KlphAoxmS6hFyznDgMI5korMD2UhaJ_H-APT2OEw:1uBil9:SfPy8shXjMokHgHyh8nMQNeGN_0HtOEEk94SLfY06MM	2025-05-05 02:28:35.929445+02
f6am8qgvwscuj78gw88ywh3n9holvkle	.eJxVjEEOwiAUBe_C2hBo4Ze6dO8ZyIMPtmogKe3KeHdt0oVu38y8l_DY1slvLS1-ZnEWnTj9bgHxkcoO-I5yqzLWsi5zkLsiD9rktXJ6Xg7372BCm761YcOAZqe07sF9pwBSHI0KlphAoxmS6hFyznDgMI5korMD2UhaJ_H-APT2OEw:1uBkS4:Q-gtervNehRMZGAI_X6bSRF0jaBsmc8Ei7AyhaYoHpQ	2025-05-05 04:17:00.919508+02
zhumbeimvq09cpzk44xr6k23yd3g76la	.eJxVjEEOwiAUBe_C2hBo4Ze6dO8ZyIMPtmogKe3KeHdt0oVu38y8l_DY1slvLS1-ZnEWnTj9bgHxkcoO-I5yqzLWsi5zkLsiD9rktXJ6Xg7372BCm761YcOAZqe07sF9pwBSHI0KlphAoxmS6hFyznDgMI5korMD2UhaJ_H-APT2OEw:1uBkS5:Pla_nTvBK1pJM0epempGkr3zSuXygsMerg7goa9HdFE	2025-05-05 04:17:01.519287+02
ijg8p2jnp0btu6nzvx3mt1fdhk7ygqie	.eJxVjDsOwjAQBe_iGlmJ_6akzxmsXa-NA8iW4qRC3J1ESgHtzLz3ZgG2tYStpyXMxK5MsssvQ4jPVA9BD6j3xmOr6zIjPxJ-2s6nRul1O9u_gwK97GsQjjxkpUadfHZkDXods_CDhAxWKKNEIswOSSp0o44qGgEIO7LODOzzBfghOHI:1uBtq2:eup-MrLabQw5hGKT2e0DjN8d1qmUzA5gjjxWO1kbVpg	2025-05-05 14:18:22.335617+02
mv8phrvlps693ip4di1yhphbvaubnjk0	.eJxVjEEOwiAQRe_C2hBgOlBcuvcMZIBBqoYmpV0Z765NutDtf-_9lwi0rTVsnZcwZXEWIE6_W6T04LaDfKd2m2Wa27pMUe6KPGiX1znz83K4fweVev3WZQTMxRjlHIzesEsKGWxE7TxbC7roTIoQeDADMAMb9jE5j6gtcRTvD8dxN30:1uBttK:cl5jDLh_nLNhx3tVqy3lsGycNsvfAQ67XmvnHCXp26c	2025-05-05 14:21:46.041931+02
035cycg2cy0o5eyjcn6lqd9wl5bxmak7	.eJxVjDsOwjAQBe_iGlmOvf4sJT1nsNY_HEC2FCcV4u4QKQW0b2bei3na1uq3kRc_J3ZmEzv9boHiI7cdpDu1W-ext3WZA98VftDBrz3l5-Vw_w4qjfqtzSQCConoAFTRolgjCxRtohKCCgY0DoNVVKJV2oCxOSQEKRXl6MCx9we1ZTcB:1uBw0z:pMt12gzlrRYX7aX8-Z5OoKlR7512fkqUPLmT-8P4I7k	2025-05-05 16:37:49.412408+02
1lg1s1kpq0qb038qp7m42lkt82knnisy	.eJxVjDsOwjAUBO_iGllx_MujpM8ZIttvwQFkS3FSIe4OkVJAuzOzLzGFbc3T1rBMM4uzsOL0u8WQHig74HsotypTLesyR7kr8qBNjpXxvBzu30EOLX9rF1NCR1YzPBEiAG94MCqoXoMVEUetku3Ia-8Uo08DwI78NWhlIN4fAxA4fQ:1uBw75:4r32ujmx0JDrbcc2d-0EaxwQD6i42cFD9eJm40tzL48	2025-05-05 16:44:07.72572+02
pln14kcycuamz4cf4oeywlt794pw9q9r	.eJxVjDsOwjAQBe_iGlmOvf4sJT1nsNY_HEC2FCcV4u4QKQW0b2bei3na1uq3kRc_J3ZmEzv9boHiI7cdpDu1W-ext3WZA98VftDBrz3l5-Vw_w4qjfqtzSQCConoAFTRolgjCxRtohKCCgY0DoNVVKJV2oCxOSQEKRXl6MCx9we1ZTcB:1uBxOO:t8Gze0-uDplVQmLZEbT4wSzNjEYp4J6LvZoFdQnuJ5o	2025-05-05 18:06:04.46236+02
rf958ljp03grykgkupqrs1b780nx3ku7	.eJxVjDsOwjAQBe_iGlmOvf4sJT1nsNY_HEC2FCcV4u4QKQW0b2bei3na1uq3kRc_J3ZmEzv9boHiI7cdpDu1W-ext3WZA98VftDBrz3l5-Vw_w4qjfqtzSQCConoAFTRolgjCxRtohKCCgY0DoNVVKJV2oCxOSQEKRXl6MCx9we1ZTcB:1uByNs:7zhxYFtQaZbdf92cxgViYUUqarSQ17gTy69qR59uHQ8	2025-05-05 19:09:36.513157+02
mgk5h1i3owe4337l2f6qtw2dizjgvhjl	.eJxVjDsOwjAQBe_iGlmOvf4sJT1nsNY_HEC2FCcV4u4QKQW0b2bei3na1uq3kRc_J3ZmEzv9boHiI7cdpDu1W-ext3WZA98VftDBrz3l5-Vw_w4qjfqtzSQCConoAFTRolgjCxRtohKCCgY0DoNVVKJV2oCxOSQEKRXl6MCx9we1ZTcB:1uBzMb:_FJn8p_prSL4xJUYqQ8Wav8vO26CgjT9jhDZ-mV1swM	2025-05-05 20:12:21.868908+02
jc3hsm3fidhfng044dzfplqi8eir63p8	.eJxVjDsOwjAQBe_iGlmOvf4sJT1nsNY_HEC2FCcV4u4QKQW0b2bei3na1uq3kRc_J3ZmEzv9boHiI7cdpDu1W-ext3WZA98VftDBrz3l5-Vw_w4qjfqtzSQCConoAFTRolgjCxRtohKCCgY0DoNVVKJV2oCxOSQEKRXl6MCx9we1ZTcB:1uC0a5:DASB8IlSSsrp7PJqQW-86u54UQXVzaiqErWep_9kSmA	2025-05-05 21:30:21.020734+02
2e3rtmr64pw3spu6sd03as2tp7gppzjq	.eJxVjDsOwjAQBe_iGlmOvf4sJT1nsNY_HEC2FCcV4u4QKQW0b2bei3na1uq3kRc_J3ZmEzv9boHiI7cdpDu1W-ext3WZA98VftDBrz3l5-Vw_w4qjfqtzSQCConoAFTRolgjCxRtohKCCgY0DoNVVKJV2oCxOSQEKRXl6MCx9we1ZTcB:1uC1jX:l4rZVFUjK29Se37526w4o9o2Y2cOv6ghsV7q4BUfd3k	2025-05-05 22:44:11.595217+02
wvje98ehtzhp2ep3ul662ikfiriz43zm	.eJxVjDsOwjAQBe_iGlmOvf4sJT1nsNY_HEC2FCcV4u4QKQW0b2bei3na1uq3kRc_J3ZmEzv9boHiI7cdpDu1W-ext3WZA98VftDBrz3l5-Vw_w4qjfqtzSQCConoAFTRolgjCxRtohKCCgY0DoNVVKJV2oCxOSQEKRXl6MCx9we1ZTcB:1uC3uM:LR-M6qTYu8KhoefresmmmmSww_qMoJYP4v3pStFXBlA	2025-05-06 01:03:30.880202+02
g4a1gslvkbm0xm94ccxamqprtauhpgal	.eJxVjDsOwjAQBe_iGlmOvf4sJT1nsNY_HEC2FCcV4u4QKQW0b2bei3na1uq3kRc_J3ZmEzv9boHiI7cdpDu1W-ext3WZA98VftDBrz3l5-Vw_w4qjfqtzSQCConoAFTRolgjCxRtohKCCgY0DoNVVKJV2oCxOSQEKRXl6MCx9we1ZTcB:1uC4ut:jz0H5b596VblSGde3O2GVnX0wltV2plGFg3hgVpsLX0	2025-05-06 02:08:07.324848+02
hm24c5p522ji16tywx0pxkf5fbvrxr75	.eJxVjDsOwjAQBe_iGlmOvf4sJT1nsNY_HEC2FCcV4u4QKQW0b2bei3na1uq3kRc_J3ZmEzv9boHiI7cdpDu1W-ext3WZA98VftDBrz3l5-Vw_w4qjfqtzSQCConoAFTRolgjCxRtohKCCgY0DoNVVKJV2oCxOSQEKRXl6MCx9we1ZTcB:1uC656:KFeWGjaMFofHsMnR5nZzCUbcUBUCNC42gTh057E507E	2025-05-06 03:22:44.959059+02
movf1py45ujgowrf4ws79rmwanqb0dtq	.eJxVjDsKwzAQRO-iOgi0-jpl-pxBrLSryEmQwbIrk7vHBhcJTDXvzWwi4rrUuHae40jiKkBcfruE-cXtAPTE9phkntoyj0keijxpl_eJ-H073b-Dir3u65CQSlBFeQBHRbPWmQsYhUFbHLTbg8YRqWRpYMAM3hltvVFQOBvx-QLsrzfV:1uC7HJ:tHI9NLBFOEifC0Nb5NLa8fHDDC8lAvWzfZ8yl2zA8MU	2025-05-06 04:39:25.714418+02
zx8oka3eq19a1wkijjbfprf51xb8p4h9	.eJxVjEEOwiAQRe_C2pAOhXZw6d4zkIGZStVAUtqV8e7apAvd_vfef6lA25rD1mQJM6uzQnX63SKlh5Qd8J3KrepUy7rMUe-KPmjT18ryvBzu30Gmlr9115OAt3YCImt6dENM1hkxDM51CTkyRDt6cGKQB_QQxRP3kwH0OLJ6fwDUpTd8:1uCJvL:CkZTFLFeF2yJeFi5Vvt0-XAKThefgVrP72huvfel_8U	2025-05-06 18:09:35.851622+02
1xguh2ogil78k1lysyp0u24cmv1d3hr4	.eJxVjDsOwjAQBe_iGlmOvf4sJT1nsNY_HEC2FCcV4u4QKQW0b2bei3na1uq3kRc_J3ZmEzv9boHiI7cdpDu1W-ext3WZA98VftDBrz3l5-Vw_w4qjfqtzSQCConoAFTRolgjCxRtohKCCgY0DoNVVKJV2oCxOSQEKRXl6MCx9we1ZTcB:1uCJw8:xg3hGD137LfLer_NHv8WXVCnyeSL20tyzGSqlFm3qTY	2025-05-06 18:10:24.145137+02
b51nqzfmnu2unp28f9ddxln68yv7q1v9	.eJxVjDsOwjAQBe_iGlmOvf4sJT1nsNY_HEC2FCcV4u4QKQW0b2bei3na1uq3kRc_J3ZmEzv9boHiI7cdpDu1W-ext3WZA98VftDBrz3l5-Vw_w4qjfqtzSQCConoAFTRolgjCxRtohKCCgY0DoNVVKJV2oCxOSQEKRXl6MCx9we1ZTcB:1uGKe6:tpNgZ_yDrV8O0QM8MXajTah1Xu3HBxhTWEs4SUKsoIQ	2025-05-17 19:44:22.52072+02
a2pqj99a0qu17qy9tiq85u88u3kfm7me	.eJxVjDsOwjAQBe_iGlmOvf4sJT1nsNY_HEC2FCcV4u4QKQW0b2bei3na1uq3kRc_J3ZmEzv9boHiI7cdpDu1W-ext3WZA98VftDBrz3l5-Vw_w4qjfqtzSQCConoAFTRolgjCxRtohKCCgY0DoNVVKJV2oCxOSQEKRXl6MCx9we1ZTcB:1uGOKF:qWTniuRldTJGgWFhY8ny40BZLlz-2jPL24QqUvdvA5c	2025-05-17 23:40:07.984724+02
f3p0npu0a36nd3i2lkrsveipuo0i4vli	.eJxVjDsOwjAQBe_iGlmOvf4sJT1nsNY_HEC2FCcV4u4QKQW0b2bei3na1uq3kRc_J3ZmEzv9boHiI7cdpDu1W-ext3WZA98VftDBrz3l5-Vw_w4qjfqtzSQCConoAFTRolgjCxRtohKCCgY0DoNVVKJV2oCxOSQEKRXl6MCx9we1ZTcB:1uGiLF:l35vzJc1cNGmTbOcrs2QAsmVgKJOGtW9081nKhl8_RI	2025-05-18 21:02:29.32768+02
3i7p73i3ogqb0agkg7bltokm0ac9c2mm	.eJxVjDsOwjAQBe_iGlmOvf4sJT1nsNY_HEC2FCcV4u4QKQW0b2bei3na1uq3kRc_J3ZmEzv9boHiI7cdpDu1W-ext3WZA98VftDBrz3l5-Vw_w4qjfqtzSQCConoAFTRolgjCxRtohKCCgY0DoNVVKJV2oCxOSQEKRXl6MCx9we1ZTcB:1uGj0n:MkvwyQIzuZBavb6kYaTTwfwuiBHJAgul6Nqf1KRvv4o	2025-05-18 21:45:25.932278+02
3t7298n75du3f1nn449fyktsjkf5awzk	.eJxVjDsOwjAQBe_iGlmOvf4sJT1nsNY_HEC2FCcV4u4QKQW0b2bei3na1uq3kRc_J3ZmEzv9boHiI7cdpDu1W-ext3WZA98VftDBrz3l5-Vw_w4qjfqtzSQCConoAFTRolgjCxRtohKCCgY0DoNVVKJV2oCxOSQEKRXl6MCx9we1ZTcB:1uGkMr:02EVl7xiMcwBGz8BOR-hgSc4HzASsWCYpVSARldCV5Y	2025-05-18 23:12:17.772838+02
mnaz5buyasr8rmji0k9rglve08p63g7u	.eJxVjDsOwjAQBe_iGlleJ_5R0nMGa-1d4wBypDipEHeHSCmgfTPzXiLitta4dV7iROIswInT75gwP7jthO7YbrPMc1uXKcldkQft8joTPy-H-3dQsddvnShYkzyNLgcVNIBhYxLjqJRiBFcKeBiSsjpg0CU7rctgkSAjs0cS7w8Bwjha:1uKgMS:3yF69Ab6-isc7_bAcBqnLkMrfRl3QdQKJGGHnVWywTo	2025-05-29 19:44:08.66516+02
7ztvylos6nv3swsbe4a0hwc19w7pmcie	.eJxVjDsOwjAQBe_iGlmOvf4sJT1nsNY_HEC2FCcV4u4QKQW0b2bei3na1uq3kRc_J3ZmEzv9boHiI7cdpDu1W-ext3WZA98VftDBrz3l5-Vw_w4qjfqtzSQCConoAFTRolgjCxRtohKCCgY0DoNVVKJV2oCxOSQEKRXl6MCx9we1ZTcB:1uH4WO:QrVILR-9XWc6q0KFcAIYIPN0LadF5dMJ75drKJnG2jA	2025-05-19 20:43:28.301052+02
qd6omnulxd5zvwxgf6vasaiqdnub5nqn	.eJxVjDsOwjAQBe_iGlmOvf4sJT1nsNY_HEC2FCcV4u4QKQW0b2bei3na1uq3kRc_J3ZmEzv9boHiI7cdpDu1W-ext3WZA98VftDBrz3l5-Vw_w4qjfqtzSQCConoAFTRolgjCxRtohKCCgY0DoNVVKJV2oCxOSQEKRXl6MCx9we1ZTcB:1uH6EJ:Ki5yWlCaBqlRMh4uaaFrQBVPHLeUk2WoQFYL1Iq6gc8	2025-05-19 22:32:55.847087+02
yaxb1tak1saibvr81wn2jnrpe7syqo9i	.eJxVjDsOwjAQBe_iGln-7DoJJT1nsNbeNQ6gRIqTCnF3iJQC2jcz76UibWuNW5MljqzOalCn3y1Rfsi0A77TdJt1nqd1GZPeFX3Qpq8zy_NyuH8HlVr91oBdCSm57MAN7C1A77F0YgQKByRCDtYnMSQZB0Yo2BfKFth4J4HV-wPlCTg1:1uIR4V:xTQI-PhFrKmmLCcvacvdjWM_leL9IINPV_V-ySOeMAY	2025-05-23 15:00:19.614414+02
vs1oo3mhgb767zh7pw6uagah2kqm28x8	.eJxVjDsOwjAQBe_iGlmOvf4sJT1nsNY_HEC2FCcV4u4QKQW0b2bei3na1uq3kRc_J3ZmEzv9boHiI7cdpDu1W-ext3WZA98VftDBrz3l5-Vw_w4qjfqtzSQCConoAFTRolgjCxRtohKCCgY0DoNVVKJV2oCxOSQEKRXl6MCx9we1ZTcB:1uIC4N:Qrtb0uwLx0xbRnVS8IkZjJyFBkrXCX9263bcVCzp1vs	2025-05-22 22:59:11.980328+02
jpkx5qadj2bi7bvrmxgn0qo07tm0dt4t	.eJxVjDsOwjAQBe_iGlmOvf4sJT1nsNY_HEC2FCcV4u4QKQW0b2bei3na1uq3kRc_J3ZmEzv9boHiI7cdpDu1W-ext3WZA98VftDBrz3l5-Vw_w4qjfqtzSQCConoAFTRolgjCxRtohKCCgY0DoNVVKJV2oCxOSQEKRXl6MCx9we1ZTcB:1uID8d:Lb2-e4GyjpM1CgOcPisRK-MB3KBrR-4TUIFOzOwsoMA	2025-05-23 00:07:39.2489+02
u0aidv59acv1bgxle0128v51wra4p7ax	.eJxVjDsOwjAQBe_iGln-7DoJJT1nsNbeNQ6gRIqTCnF3iJQC2jcz76UibWuNW5MljqzOalCn3y1Rfsi0A77TdJt1nqd1GZPeFX3Qpq8zy_NyuH8HlVr91oBdCSm57MAN7C1A77F0YgQKByRCDtYnMSQZB0Yo2BfKFth4J4HV-wPlCTg1:1uIUvX:ICBRMufkvBp-KZ0iTE1euMLmm1g6yvpBcgy52cDum5Q	2025-05-23 19:07:19.755013+02
04cuuyb2420e93socz8pzyoqhn7f1pu5	.eJxVjDsOwjAQBe_iGlmOvf4sJT1nsNY_HEC2FCcV4u4QKQW0b2bei3na1uq3kRc_J3ZmEzv9boHiI7cdpDu1W-ext3WZA98VftDBrz3l5-Vw_w4qjfqtzSQCConoAFTRolgjCxRtohKCCgY0DoNVVKJV2oCxOSQEKRXl6MCx9we1ZTcB:1uIEXf:q7CejMB0AALBXzqeLOk88iH-PCle8mDwOhaMEuCHwNE	2025-05-23 01:37:35.063451+02
ipceewuoycblw9l1rglpb7lfhz4hgi01	.eJxVjDsOwjAQBe_iGln-7DoJJT1nsNbeNQ6gRIqTCnF3iJQC2jcz76UibWuNW5MljqzOalCn3y1Rfsi0A77TdJt1nqd1GZPeFX3Qpq8zy_NyuH8HlVr91oBdCSm57MAN7C1A77F0YgQKByRCDtYnMSQZB0Yo2BfKFth4J4HV-wPlCTg1:1uIVsT:J8ly5o7Nd95NcAy9JBUKibW8SIOpz4c31TrieORHnRc	2025-05-23 20:08:13.023705+02
ft005q4ddoifqcihqqp0rl92n9q5v5rv	.eJxVjDsOwjAQBe_iGln-7DoJJT1nsNbeNQ6gRIqTCnF3iJQC2jcz76UibWuNW5MljqzOalCn3y1Rfsi0A77TdJt1nqd1GZPeFX3Qpq8zy_NyuH8HlVr91oBdCSm57MAN7C1A77F0YgQKByRCDtYnMSQZB0Yo2BfKFth4J4HV-wPlCTg1:1uIXRA:HB32_QvE2C5aJUe3HKikdgjUz8wyPQlV0sBNUI7F0Qk	2025-05-23 21:48:08.640235+02
gkvq6lxn0ykbsv5m3ea8j98arzbldxee	.eJxVjDsOwjAQBe_iGln-7DoJJT1nsNbeNQ6gRIqTCnF3iJQC2jcz76UibWuNW5MljqzOalCn3y1Rfsi0A77TdJt1nqd1GZPeFX3Qpq8zy_NyuH8HlVr91oBdCSm57MAN7C1A77F0YgQKByRCDtYnMSQZB0Yo2BfKFth4J4HV-wPlCTg1:1uIa7w:jI9Ee4guQiDiY2xw5GjjoVHxQk_HmF0FxTn0GZgoZJo	2025-05-24 00:40:28.193622+02
cuw7c11mr8bnwjx3qb7zx7q3ev502hjh	.eJxVjDsOwjAQBe_iGln-7DoJJT1nsNbeNQ6gRIqTCnF3iJQC2jcz76UibWuNW5MljqzOalCn3y1Rfsi0A77TdJt1nqd1GZPeFX3Qpq8zy_NyuH8HlVr91oBdCSm57MAN7C1A77F0YgQKByRCDtYnMSQZB0Yo2BfKFth4J4HV-wPlCTg1:1uIbq1:OfZOfgGIpSyiRa13o5wBzWEAjweDlr9P0lD8JJCz1Gc	2025-05-24 02:30:05.214502+02
cd1qb2rneopqfc2rvd33jo9lg34ea49l	.eJxVjDsOwjAQBe_iGln-7DoJJT1nsNbeNQ6gRIqTCnF3iJQC2jcz76UibWuNW5MljqzOalCn3y1Rfsi0A77TdJt1nqd1GZPeFX3Qpq8zy_NyuH8HlVr91oBdCSm57MAN7C1A77F0YgQKByRCDtYnMSQZB0Yo2BfKFth4J4HV-wPlCTg1:1uId4c:cRPppiHMdmGkYpz8jDpT1XU2eMZDm6-kRAl5HxahqMM	2025-05-24 03:49:14.955268+02
2qccytkarheljx32grlbfxxafyo6f8ph	.eJxVjDsOwjAQBe_iGln-7DoJJT1nsNbeNQ6gRIqTCnF3iJQC2jcz76UibWuNW5MljqzOalCn3y1Rfsi0A77TdJt1nqd1GZPeFX3Qpq8zy_NyuH8HlVr91oBdCSm57MAN7C1A77F0YgQKByRCDtYnMSQZB0Yo2BfKFth4J4HV-wPlCTg1:1uIe1H:BZMlDgD51n6rRdaJXs4jsN1qMZY4cNIXu_kP31Fr8QI	2025-05-24 04:49:51.307581+02
ahtn843nfbas0pep4b5i81bpm5jr7hw2	.eJxVjDsOwjAQBe_iGln-xR9Kes5geb1rHEC2FCcV4u4QKQW0b2bei8W0rTVug5Y4Izszqdnpd4SUH9R2gvfUbp3n3tZlBr4r_KCDXzvS83K4fwc1jfqtnbNZWCAt0YZiHAqvJicnsgU9qRLQoAASKoATBEigjaACoF0xnoC9PwqfONE:1uItYW:2LJh8HY0X-Vnr068WQy9kiz5RFxY7R1VrBThznBuzXo	2025-05-24 21:25:12.134873+02
bsqbcxql7c202xhf7f178e57z4zczhsh	.eJxVjDsOwjAQBe_iGln-xR9Kes5geb1rHEC2FCcV4u4QKQW0b2bei8W0rTVug5Y4Izszqdnpd4SUH9R2gvfUbp3n3tZlBr4r_KCDXzvS83K4fwc1jfqtnbNZWCAt0YZiHAqvJicnsgU9qRLQoAASKoATBEigjaACoF0xnoC9PwqfONE:1uKLNO:nQuEb0Uvode1cjp9MOl7htdQtoJsVj1UOr2bpPPbMuY	2025-05-28 21:19:42.865683+02
6p4q2c3kg11x48lii9702u5esevsg07f	.eJxVjDsOwjAQBe_iGlleJ_5R0nMGa-1d4wBypDipEHeHSCmgfTPzXiLitta4dV7iROIswInT75gwP7jthO7YbrPMc1uXKcldkQft8joTPy-H-3dQsddvnShYkzyNLgcVNIBhYxLjqJRiBFcKeBiSsjpg0CU7rctgkSAjs0cS7w8Bwjha:1uKhNl:cwtq_EgcfX906crScBjJeQhh8EOAx5tdpR3gweabD84	2025-05-29 20:49:33.381977+02
2xz266kppkthrvsliynnympc01cazeb0	.eJxVjLsKwzAUQ__FczF--7pj93yD8fWjTlsciJOp9N8bQ4YWgQYdSW_iw75Vv_e8-jmRK-GKXH5DDPGZ2yDpEdp9oXFp2zojHRV60k6nJeXX7ez-HdTQ61iHUpRJmmXjpLAKgAuUHBOLkUsEZ6XGQ_wwlSNC0KWgAQ1MOKss-XwBCmo33g:1uKiMs:eKFiOnERznJQN__bXEKf8NbtG9nhP4Z-jR9FwcLwyrw	2025-05-29 21:52:42.487262+02
n85lbzxwv5u533qt379kbx0vyi9yqziq	.eJxVjDsOwjAQBe_iGlleJ_5R0nMGa-1d4wBypDipEHeHSCmgfTPzXiLitta4dV7iROIswInT75gwP7jthO7YbrPMc1uXKcldkQft8joTPy-H-3dQsddvnShYkzyNLgcVNIBhYxLjqJRiBFcKeBiSsjpg0CU7rctgkSAjs0cS7w8Bwjha:1uKjeC:j3677fOz3mQxJYqYDuSI1C44i_V5nl32GVPypWA4vH8	2025-05-29 23:14:40.143687+02
rogksq1pyk12l6avzkhlra3jpzt4os0o	.eJxVjDsOwjAQBe_iGlleJ_5R0nMGa-1d4wBypDipEHeHSCmgfTPzXiLitta4dV7iROIswInT75gwP7jthO7YbrPMc1uXKcldkQft8joTPy-H-3dQsddvnShYkzyNLgcVNIBhYxLjqJRiBFcKeBiSsjpg0CU7rctgkSAjs0cS7w8Bwjha:1uKknR:s3S8-iLHDvVxRiA2Yh3prhkWicKn144n8VEmVCUggoA	2025-05-30 00:28:17.089215+02
5zj40m0j9dqv2vu5nthxz1msagoylbve	.eJxVjDsOwjAQBe_iGlleJ_5R0nMGa-1d4wBypDipEHeHSCmgfTPzXiLitta4dV7iROIswInT75gwP7jthO7YbrPMc1uXKcldkQft8joTPy-H-3dQsddvnShYkzyNLgcVNIBhYxLjqJRiBFcKeBiSsjpg0CU7rctgkSAjs0cS7w8Bwjha:1uKmUW:xiXFWMn7PfS9VSqHYvbmfIHRO4_5RY0800cnOck-vCE	2025-05-30 02:16:52.164691+02
xq8yuti97f3206q59gm8tgi6q4h35jkv	.eJxVjDsOwjAQBe_iGlleJ_5R0nMGa-1d4wBypDipEHeHSCmgfTPzXiLitta4dV7iROIswInT75gwP7jthO7YbrPMc1uXKcldkQft8joTPy-H-3dQsddvnShYkzyNLgcVNIBhYxLjqJRiBFcKeBiSsjpg0CU7rctgkSAjs0cS7w8Bwjha:1uKmaT:nBs_EmVJyZm5vqw4Ulx2LoQX8N3CSBNTYhzajvhIHyc	2025-05-30 02:23:01.827107+02
x0k5cdxxjvytqaywea8pwly3ks0jo67i	.eJxVjDsOwjAQBe_iGlleJ_5R0nMGa-1d4wBypDipEHeHSCmgfTPzXiLitta4dV7iROIswInT75gwP7jthO7YbrPMc1uXKcldkQft8joTPy-H-3dQsddvnShYkzyNLgcVNIBhYxLjqJRiBFcKeBiSsjpg0CU7rctgkSAjs0cS7w8Bwjha:1uKnZL:D3prt_2yLeQd6kAr755zVpConXPR0R5uYpHuOSF44rI	2025-05-30 03:25:55.441507+02
cc5362mlsgapilt1rdx8ba6vosanty5k	.eJxVjDsOwjAQBe_iGlk2jn-U9JzBeutdSAAlUpxUiLujoBTQzozmpQrWpS9rk7kMrE7KdurwCwn1IeNm-I7xNuk6jcs8kN4SvdumLxPL87y3f4Merf9-HRlvYLNUycHnaCVlzuiE4tEZvlaQGEYEkQ9iCQEOCWxdIE7q_QEV9DkS:1uKeci:f2KKQgzEwjScB0TZYg13nCBV22TIS8m8plue0IpxRlw	2025-05-29 17:52:48.174666+02
th5l90hvmdhwrdlcryb3mmihv2hpwt0y	.eJxVjDkOwjAQRe_iGlleMl4o6TmDNV4GB5AtxUmFuDtESgHtf-_9Fwu4rTVsoyxhzuzMJLDT7xgxPUrbSb5ju3WeeluXOfJd4Qcd_NpzeV4O9--g4qjfGo0l570EMJQKak8qklROISijkMQkkieUgFqSd8J6LQBAOVsgmsmy9wf7MDcp:1uKef5:6wmzan4dJoVCkQVpB9dg6Prg8y9gqqo98lPwYlDrdS0	2025-05-29 17:55:15.994554+02
4rdbs073m1yxubpd8dg9d76dzq6li1q6	.eJxVjDsOwjAQBe_iGlleJ_5R0nMGa-1d4wBypDipEHeHSCmgfTPzXiLitta4dV7iROIswInT75gwP7jthO7YbrPMc1uXKcldkQft8joTPy-H-3dQsddvnShYkzyNLgcVNIBhYxLjqJRiBFcKeBiSsjpg0CU7rctgkSAjs0cS7w8Bwjha:1uKnoC:S-WoBzEpuvYb70ZfJvYA8GGPf7jU3je3LYmRuUm9hCY	2025-05-30 03:41:16.38649+02
vklgkgwuftkl0a3vh48mli3li64ptngo	.eJxVjMsOgjAUBf-la9O0UPpw6Z5vaG7vQ1ADCYWV8d-FhIVuz8yct8qwrUPeKi95JHVV1qnL71gAnzwdhB4w3WeN87QuY9GHok9adT8Tv26n-3cwQB32WjAwBHRFUASYrPeQSgvQBJauNSVyZ4jaYJ0l2RVbYuNQYhJskjfq8wVcQTm4:1uPSrW:vYlDFx4hrTYjuEX_CEvaDGXT89vbLt6-E-a84PjXEYc	2025-06-12 00:19:58.560103+02
w4e4ccsyc60stx1sz12a8qtq69ia7k0q	.eJxVjDsOwjAQRO_iGlnOmvhDSc8ZrN2sFweQI8VJhbg7iZQCimnmvZm3SrguJa0tz2lkdVFg1em3JByeue6EH1jvkx6muswj6V3RB236NnF-XQ_376BgK9sa0YD4HsgLRXIMfRcAcAvFsxFGJ5lDYG9j7AQsOGeikcgWfRYU9fkCCdI4Qg:1uT2zZ:k1OtKj9cS8RxOlViF1FBY-GRfKU_hgSuiYXtGzQqvyw	2025-06-21 21:31:05.791361+02
smezh86ofltxchyn9jugznoicffmvm9g	.eJxVjDsOwjAQBe_iGlleJ_5R0nMGa-1d4wBypDipEHeHSCmgfTPzXiLitta4dV7iROIswInT75gwP7jthO7YbrPMc1uXKcldkQft8joTPy-H-3dQsddvnShYkzyNLgcVNIBhYxLjqJRiBFcKeBiSsjpg0CU7rctgkSAjs0cS7w8Bwjha:1uL6U1:8-b3K0N7XHwi5Z-gkKq9FtmywYXKgRqv0o__ORBL8VE	2025-05-30 23:37:41.027044+02
bxnf0qobxsz0580pqhlg15rui1cb71v5	.eJxVjDsOwjAQBe_iGlleJ_5R0nMGa-1d4wBypDipEHeHSCmgfTPzXiLitta4dV7iROIswInT75gwP7jthO7YbrPMc1uXKcldkQft8joTPy-H-3dQsddvnShYkzyNLgcVNIBhYxLjqJRiBFcKeBiSsjpg0CU7rctgkSAjs0cS7w8Bwjha:1uT4pW:Pb7cBVhrUnkuR6E4ZJMn6rgNP89hHZWeWXx8vz48vHw	2025-06-21 23:28:50.974355+02
grmvuidgo5yjz9mn73x6q24a91ot6pe1	.eJxVjEEOwiAQRe_C2hCgUyEu3XsGMswMUjWQlHbVeHdt0oVu_3vvbyriupS4dpnjxOqibFCn3zEhPaXuhB9Y701Tq8s8Jb0r-qBd3xrL63q4fwcFe_nWgUc3kA8-2IECOCEhc07A4oGRDSJbFgcIGWgkYuPFI2YBzEE8q_cHJlM5tA:1uM97C:aiiV5pT4qWsnYlPC-1AsMhRuvGQiyyUEqlTRRr2AkeM	2025-06-02 20:38:26.529318+02
xqpakjqw91uov45fkhjnbsd2ol9n8e5k	.eJxVjDsOwjAQBe_iGlleJ_5R0nMGa-1d4wBypDipEHeHSCmgfTPzXiLitta4dV7iROIswInT75gwP7jthO7YbrPMc1uXKcldkQft8joTPy-H-3dQsddvnShYkzyNLgcVNIBhYxLjqJRiBFcKeBiSsjpg0CU7rctgkSAjs0cS7w8Bwjha:1uMG9m:YY_-7dzpd2uW6YpQb7FlH5rZ-9YUhTAUwGA7EhysKfM	2025-06-03 04:09:34.823583+02
03gixehhvnswsk8ruuw8io2b3sega4ne	.eJxVjDsOwjAQBe_iGlleJ_5R0nMGa-1d4wBypDipEHeHSCmgfTPzXiLitta4dV7iROIswInT75gwP7jthO7YbrPMc1uXKcldkQft8joTPy-H-3dQsddvnShYkzyNLgcVNIBhYxLjqJRiBFcKeBiSsjpg0CU7rctgkSAjs0cS7w8Bwjha:1uMWsh:ne6BG0qKDaIJLGI6b6GkYtXJaL6I-D4524TFOInibU0	2025-06-03 22:01:03.579145+02
t97id14ok80i4fu52e3kkb6iq7f9kf21	.eJxVjDsOwjAQBe_iGlleJ_5R0nMGa-1d4wBypDipEHeHSCmgfTPzXiLitta4dV7iROIswInT75gwP7jthO7YbrPMc1uXKcldkQft8joTPy-H-3dQsddvnShYkzyNLgcVNIBhYxLjqJRiBFcKeBiSsjpg0CU7rctgkSAjs0cS7w8Bwjha:1uQABY:AI79LPGRJG6qKLBHmrpPoUJY3Y2z4VKH-HPd6Zelknc	2025-06-13 22:35:32.638332+02
bw57f1j0daw8zatj9g5rjn4o8jyb4axd	.eJxVjDsOwjAQBe_iGlleJ_5R0nMGa-1d4wBypDipEHeHSCmgfTPzXiLitta4dV7iROIswInT75gwP7jthO7YbrPMc1uXKcldkQft8joTPy-H-3dQsddvnShYkzyNLgcVNIBhYxLjqJRiBFcKeBiSsjpg0CU7rctgkSAjs0cS7w8Bwjha:1uMwfE:-l8lAsrwM_AiUgGaDL681MCE8nalbCX6N9-EDJ40ru8	2025-06-05 01:32:52.373797+02
r77c8e9sxrekr6qskfushqozq6p9lupr	.eJxVjMsOgjAUBf-la9O0UPpw6Z5vaG7vQ1ADCYWV8d-FhIVuz8yct8qwrUPeKi95JHVV1qnL71gAnzwdhB4w3WeN87QuY9GHok9adT8Tv26n-3cwQB32WjAwBHRFUASYrPeQSgvQBJauNSVyZ4jaYJ0l2RVbYuNQYhJskjfq8wVcQTm4:1uQCFe:RE0I4ZccIAuwpiEtBwPAo_jp9sRX8dNMFiYXloAGg7o	2025-06-14 00:47:54.522828+02
6c3ta27yjqj2pc3l8ieip4icmd1yj1ub	.eJxVjDsOwjAQBe_iGlleJ_5R0nMGa-1d4wBypDipEHeHSCmgfTPzXiLitta4dV7iROIswInT75gwP7jthO7YbrPMc1uXKcldkQft8joTPy-H-3dQsddvnShYkzyNLgcVNIBhYxLjqJRiBFcKeBiSsjpg0CU7rctgkSAjs0cS7w8Bwjha:1uNypo:XyXopWQOo4wRpRsQlO6uhp09z3LK-rrVvLyBRZ75Epk	2025-06-07 22:04:04.33814+02
fxklkah1qkz2if2bb31aatp5plrwo4up	.eJxVjDsOwjAQBe_iGlleJ_5R0nMGa-1d4wBypDipEHeHSCmgfTPzXiLitta4dV7iROIswInT75gwP7jthO7YbrPMc1uXKcldkQft8joTPy-H-3dQsddvnShYkzyNLgcVNIBhYxLjqJRiBFcKeBiSsjpg0CU7rctgkSAjs0cS7w8Bwjha:1uOIkj:7SuEAZ6lggTsoYViwUROd6Tm-u034FoHstQf1_SDaYw	2025-06-08 19:20:09.323688+02
f8yhr1r0ih4zj2nn2ac72m1lhkqepoxa	.eJxVjDsOwjAQBe_iGlleJ_5R0nMGa-1d4wBypDipEHeHSCmgfTPzXiLitta4dV7iROIswInT75gwP7jthO7YbrPMc1uXKcldkQft8joTPy-H-3dQsddvnShYkzyNLgcVNIBhYxLjqJRiBFcKeBiSsjpg0CU7rctgkSAjs0cS7w8Bwjha:1uOL5N:ywyHg6qBk8JU2ZGNensVrnHilkBNfrzfam9alIf9hmk	2025-06-08 21:49:37.066349+02
5x2n8yxzpqoc863dj7zffobv8qohldu2	.eJxVjDsOwjAQBe_iGlleJ_5R0nMGa-1d4wBypDipEHeHSCmgfTPzXiLitta4dV7iROIswInT75gwP7jthO7YbrPMc1uXKcldkQft8joTPy-H-3dQsddvnShYkzyNLgcVNIBhYxLjqJRiBFcKeBiSsjpg0CU7rctgkSAjs0cS7w8Bwjha:1uP7TL:MEXPNfJOdHODKVKFo-mYTa2BMNc5NNbqtCbfthtcmhg	2025-06-11 01:29:35.082105+02
z3y6hzhcedq7vhvohfaqqeyslqxg36g8	.eJxVjMsOgjAUBf-la9O0UPpw6Z5vaG7vQ1ADCYWV8d-FhIVuz8yct8qwrUPeKi95JHVV1qnL71gAnzwdhB4w3WeN87QuY9GHok9adT8Tv26n-3cwQB32WjAwBHRFUASYrPeQSgvQBJauNSVyZ4jaYJ0l2RVbYuNQYhJskjfq8wVcQTm4:1uPOYR:qlGyRF435Q5zU6sVyELg2E4EXbdY3jbNHQNAVCw7ZRw	2025-06-11 19:43:59.893896+02
tkcqtyftpp50cindvjifjjazsaps9aue	.eJxVjDsOwjAQBe_iGlleJ_5R0nMGa-1d4wBypDipEHeHSCmgfTPzXiLitta4dV7iROIswInT75gwP7jthO7YbrPMc1uXKcldkQft8joTPy-H-3dQsddvnShYkzyNLgcVNIBhYxLjqJRiBFcKeBiSsjpg0CU7rctgkSAjs0cS7w8Bwjha:1uPSa4:hWLh9vJMQjCGdEGaLrSnsTN_mIOfn3SRpn5ks-jch6M	2025-06-12 00:01:56.031294+02
3c0xq21ma78htaiab5xexked5nc1sh6h	.eJxVjMsOgjAUBf-la9O0UPpw6Z5vaG7vQ1ADCYWV8d-FhIVuz8yct8qwrUPeKi95JHVV1qnL71gAnzwdhB4w3WeN87QuY9GHok9adT8Tv26n-3cwQB32WjAwBHRFUASYrPeQSgvQBJauNSVyZ4jaYJ0l2RVbYuNQYhJskjfq8wVcQTm4:1uQW7d:J0Aa-kvkKZ9kNMYSHPBesJuf3q9XLHH_HUzAzy4FT1Q	2025-06-14 22:00:57.750468+02
3q51lbf1uyf0m36o8975jspvez1p0smi	.eJxVjMsOgjAUBf-la9O0UPpw6Z5vaG7vQ1ADCYWV8d-FhIVuz8yct8qwrUPeKi95JHVV1qnL71gAnzwdhB4w3WeN87QuY9GHok9adT8Tv26n-3cwQB32WjAwBHRFUASYrPeQSgvQBJauNSVyZ4jaYJ0l2RVbYuNQYhJskjfq8wVcQTm4:1uRFr0:LwzwqFdWi5IWRFpSUL9mC_pCYzPKz8C2T2PMpsX_94c	2025-06-16 22:50:50.75919+02
cm2stpxbqsj7h1gjnzkezg99giw1z9wk	.eJxVjDsOwjAQBe_iGlleJ_5R0nMGa-1d4wBypDipEHeHSCmgfTPzXiLitta4dV7iROIswInT75gwP7jthO7YbrPMc1uXKcldkQft8joTPy-H-3dQsddvnShYkzyNLgcVNIBhYxLjqJRiBFcKeBiSsjpg0CU7rctgkSAjs0cS7w8Bwjha:1uTLD3:x0cmg-8Xlw23S5OrCl29gWKFIDIuw8ITT1Oy-h_JyKo	2025-06-22 16:58:13.241777+02
kb7u3psb3klct31c41s3pr5zhg8qjkke	.eJxVjDsOwjAQBe_iGlleJ_5R0nMGa-1d4wBypDipEHeHSCmgfTPzXiLitta4dV7iROIswInT75gwP7jthO7YbrPMc1uXKcldkQft8joTPy-H-3dQsddvnShYkzyNLgcVNIBhYxLjqJRiBFcKeBiSsjpg0CU7rctgkSAjs0cS7w8Bwjha:1uTN8l:IaicbgQgNtxYqFHednR7ArSURiM_Px6HvSYMPVMSCbQ	2025-06-22 19:01:55.052249+02
j0i005hlocfovcheqfn5ad5dbhhjcmd8	.eJxVjMsOgjAUBf-la9O0UPpw6Z5vaG7vQ1ADCYWV8d-FhIVuz8yct8qwrUPeKi95JHVV1qnL71gAnzwdhB4w3WeN87QuY9GHok9adT8Tv26n-3cwQB32WjAwBHRFUASYrPeQSgvQBJauNSVyZ4jaYJ0l2RVbYuNQYhJskjfq8wVcQTm4:1uTTR3:nZfRiN0br116BRsrAEIC27GtNuQ5-I6gove-zEBPkSc	2025-06-23 01:45:13.444696+02
1u6es110ulzigot4f2ejah54qeax6t30	.eJxVjMsOgjAUBf-la9O0UPpw6Z5vaG7vQ1ADCYWV8d-FhIVuz8yct8qwrUPeKi95JHVV1qnL71gAnzwdhB4w3WeN87QuY9GHok9adT8Tv26n-3cwQB32WjAwBHRFUASYrPeQSgvQBJauNSVyZ4jaYJ0l2RVbYuNQYhJskjfq8wVcQTm4:1uRbc5:EydRbC_5xdZ0fmP5bbVSnUiDHoXTSkbV3x_hil9BNFw	2025-06-17 22:04:53.076135+02
nraktbpmbd2naqmmi7wn9jt98ubijcdd	.eJxVjDsOwjAQBe_iGlleJ_5R0nMGa-1d4wBypDipEHeHSCmgfTPzXiLitta4dV7iROIswInT75gwP7jthO7YbrPMc1uXKcldkQft8joTPy-H-3dQsddvnShYkzyNLgcVNIBhYxLjqJRiBFcKeBiSsjpg0CU7rctgkSAjs0cS7w8Bwjha:1uS1xa:t9qQYo1LmOzOTxcnLz1yFGM-4U1nHfFzlcRV5J6m8kI	2025-06-19 02:12:50.497177+02
j5cado7n4ukeq5gqjyl8fhp9ffsfetoy	.eJxVjMsOgjAUBf-la9O0UPpw6Z5vaG7vQ1ADCYWV8d-FhIVuz8yct8qwrUPeKi95JHVV1qnL71gAnzwdhB4w3WeN87QuY9GHok9adT8Tv26n-3cwQB32WjAwBHRFUASYrPeQSgvQBJauNSVyZ4jaYJ0l2RVbYuNQYhJskjfq8wVcQTm4:1uSmQY:YUYiPrMGyyciMNWKjVLycP5ymxFfGrelT5ppVn36BFk	2025-06-21 03:49:50.366845+02
xtb4s7xumuonvz2h317adc4wn3isanvf	.eJxVjMsOgjAUBf-la9O0UPpw6Z5vaG7vQ1ADCYWV8d-FhIVuz8yct8qwrUPeKi95JHVV1qnL71gAnzwdhB4w3WeN87QuY9GHok9adT8Tv26n-3cwQB32WjAwBHRFUASYrPeQSgvQBJauNSVyZ4jaYJ0l2RVbYuNQYhJskjfq8wVcQTm4:1uSmp5:_q2Fx71coh5cEPLtM26hy8lALqlV1vxBZpGBGeYv_hg	2025-06-21 04:15:11.082558+02
n2xryu7wk7uv2buv7gdeqnbpjax085z9	.eJxVjDsOwjAQBe_iGlleJ_5R0nMGa-1d4wBypDipEHeHSCmgfTPzXiLitta4dV7iROIswInT75gwP7jthO7YbrPMc1uXKcldkQft8joTPy-H-3dQsddvnShYkzyNLgcVNIBhYxLjqJRiBFcKeBiSsjpg0CU7rctgkSAjs0cS7w8Bwjha:1uT3Xm:z59eLxC9Te9jTw6heK-wf88mm2OC3lflAydMrvGFhS4	2025-06-21 22:06:26.379157+02
6j1ldfqpxt5dg5pmm0hcarxmpl6pyrjm	.eJxVjDsOwjAQBe_iGlleJ_5R0nMGa-1d4wBypDipEHeHSCmgfTPzXiLitta4dV7iROIswInT75gwP7jthO7YbrPMc1uXKcldkQft8joTPy-H-3dQsddvnShYkzyNLgcVNIBhYxLjqJRiBFcKeBiSsjpg0CU7rctgkSAjs0cS7w8Bwjha:1uPUXQ:r2q5fxQILjZuV-9cRxEOjDW3GCItrq4i2YP-PPeRU3E	2025-06-12 02:07:20.176626+02
dchl4t1n8c0hckcagkn6j32h10xrj3tw	.eJxVjMsOgjAUBf-la9O0UPpw6Z5vaG7vQ1ADCYWV8d-FhIVuz8yct8qwrUPeKi95JHVV1qnL71gAnzwdhB4w3WeN87QuY9GHok9adT8Tv26n-3cwQB32WjAwBHRFUASYrPeQSgvQBJauNSVyZ4jaYJ0l2RVbYuNQYhJskjfq8wVcQTm4:1uQ9Uz:7jzts5TXJzCZPJDl7bQ5a80J1uFNx0heLorSZjoh43Y	2025-06-13 21:51:33.405233+02
fmlvohqeuysfhc5fti5cmlzmkqe2sgs5	.eJxVjDsOwjAQRO_iGlnOmvhDSc8ZrN2sFweQI8VJhbg7iZQCimnmvZm3SrguJa0tz2lkdVFg1em3JByeue6EH1jvkx6muswj6V3RB236NnF-XQ_376BgK9sa0YD4HsgLRXIMfRcAcAvFsxFGJ5lDYG9j7AQsOGeikcgWfRYU9fkCCdI4Qg:1uT461:0j8aAjFKGWubdUBxXVscobWXs_O3O6tcMbZtEmZ5q1Y	2025-06-21 22:41:49.274893+02
z9gj8nqoa28u50g4z5f6bilsn3s9rmz9	.eJxVjDsOwjAQBe_iGlleJ_5R0nMGa-1d4wBypDipEHeHSCmgfTPzXiLitta4dV7iROIswInT75gwP7jthO7YbrPMc1uXKcldkQft8joTPy-H-3dQsddvnShYkzyNLgcVNIBhYxLjqJRiBFcKeBiSsjpg0CU7rctgkSAjs0cS7w8Bwjha:1uMBVg:fT-uUdhMdwz6sOpfaNl-QteNuhNltumeDnkSBhMfiEw	2025-06-02 23:11:52.95492+02
525ucb1e23gl5w6jbilzcdfdrxi426qc	.eJxVjDsOwjAQBe_iGlleJ_5R0nMGa-1d4wBypDipEHeHSCmgfTPzXiLitta4dV7iROIswInT75gwP7jthO7YbrPMc1uXKcldkQft8joTPy-H-3dQsddvnShYkzyNLgcVNIBhYxLjqJRiBFcKeBiSsjpg0CU7rctgkSAjs0cS7w8Bwjha:1uMRQZ:vY4pDitdpqBi3MrY2TpaIPw12ZEclMS5YIuee83hQA4	2025-06-03 16:11:39.275279+02
r8wp6j2aacjm8hgojpj7i4fjw7xgjy7m	.eJxVjDsOwjAQBe_iGlleJ_5R0nMGa-1d4wBypDipEHeHSCmgfTPzXiLitta4dV7iROIswInT75gwP7jthO7YbrPMc1uXKcldkQft8joTPy-H-3dQsddvnShYkzyNLgcVNIBhYxLjqJRiBFcKeBiSsjpg0CU7rctgkSAjs0cS7w8Bwjha:1uQTJ9:cPgeRYLrJJRKHY_9pNOlgjTffKxdx_QmItx0GSR-I2c	2025-06-14 19:00:39.688935+02
fr57hxerq4t6nzriqfnlp01kzanh2fwd	.eJxVjDsOwjAQBe_iGlleJ_5R0nMGa-1d4wBypDipEHeHSCmgfTPzXiLitta4dV7iROIswInT75gwP7jthO7YbrPMc1uXKcldkQft8joTPy-H-3dQsddvnShYkzyNLgcVNIBhYxLjqJRiBFcKeBiSsjpg0CU7rctgkSAjs0cS7w8Bwjha:1uMXpW:SLOLyi6ufQ3l2qrXNtOqlgsSTZCJzTUO1vI-4eM7C_4	2025-06-03 23:01:50.085106+02
erybgl6bu7jj0ibrsz8zdzp8kqc85wvm	.eJxVjMsOgjAUBf-la9O0UPpw6Z5vaG7vQ1ADCYWV8d-FhIVuz8yct8qwrUPeKi95JHVV1qnL71gAnzwdhB4w3WeN87QuY9GHok9adT8Tv26n-3cwQB32WjAwBHRFUASYrPeQSgvQBJauNSVyZ4jaYJ0l2RVbYuNQYhJskjfq8wVcQTm4:1uMZnQ:fTmYON6OPODc3uEQsVHaTRvbtiv7Rb1dTzB7x0WDUbE	2025-06-04 01:07:48.393873+02
pabojij6rczblv33snvxlwmtpkeb9zxa	.eJxVjDsOwjAQBe_iGlleJ_5R0nMGa-1d4wBypDipEHeHSCmgfTPzXiLitta4dV7iROIswInT75gwP7jthO7YbrPMc1uXKcldkQft8joTPy-H-3dQsddvnShYkzyNLgcVNIBhYxLjqJRiBFcKeBiSsjpg0CU7rctgkSAjs0cS7w8Bwjha:1uNsot:nJ8IGKjEcHqj-cjIZ0BXthuRrm6qj1IL-p3deAEGb_4	2025-06-07 15:38:43.691842+02
osxxn8q5w72wsektl1t8wpeeul03x716	.eJxVjDsOwjAQBe_iGlleJ_5R0nMGa-1d4wBypDipEHeHSCmgfTPzXiLitta4dV7iROIswInT75gwP7jthO7YbrPMc1uXKcldkQft8joTPy-H-3dQsddvnShYkzyNLgcVNIBhYxLjqJRiBFcKeBiSsjpg0CU7rctgkSAjs0cS7w8Bwjha:1uRBtx:w5-O25YzDbtDj22FvTlBdoSn7GHx0aTiapgJAlaTzX8	2025-06-16 18:37:37.264396+02
v964blk5jnjjvhcp206ooezoweycfpth	.eJxVjDsOwjAQBe_iGlleJ_5R0nMGa-1d4wBypDipEHeHSCmgfTPzXiLitta4dV7iROIswInT75gwP7jthO7YbrPMc1uXKcldkQft8joTPy-H-3dQsddvnShYkzyNLgcVNIBhYxLjqJRiBFcKeBiSsjpg0CU7rctgkSAjs0cS7w8Bwjha:1uO06A:S5PMxwY3xnhM1PmWTvHM2drsmdQKDM2sZMoYTk6D7M0	2025-06-07 23:25:02.92919+02
gggwpylha1w6y6izddm71qr9pec2uakf	.eJxVjDsOwjAQBe_iGlleJ_5R0nMGa-1d4wBypDipEHeHSCmgfTPzXiLitta4dV7iROIswInT75gwP7jthO7YbrPMc1uXKcldkQft8joTPy-H-3dQsddvnShYkzyNLgcVNIBhYxLjqJRiBFcKeBiSsjpg0CU7rctgkSAjs0cS7w8Bwjha:1uRWy9:Yg7Xkih1agXhVvGlEa_ySWe8MFkKqrDFOdokRLN3BfU	2025-06-17 17:07:21.360134+02
sf69wyw5p9ul4ljdm3ak23ubbf8h900i	.eJxVjDsOwjAQBe_iGlleJ_5R0nMGa-1d4wBypDipEHeHSCmgfTPzXiLitta4dV7iROIswInT75gwP7jthO7YbrPMc1uXKcldkQft8joTPy-H-3dQsddvnShYkzyNLgcVNIBhYxLjqJRiBFcKeBiSsjpg0CU7rctgkSAjs0cS7w8Bwjha:1uT75x:kDxHwCzjT89HEACJkzwqJVJk0K0dtGyFtLZ__We71VY	2025-06-22 01:53:57.276121+02
x1v4vn5brumco4kng6u52cfdg877c8ck	.eJxVjMsOgjAUBf-la9O0UPpw6Z5vaG7vQ1ADCYWV8d-FhIVuz8yct8qwrUPeKi95JHVV1qnL71gAnzwdhB4w3WeN87QuY9GHok9adT8Tv26n-3cwQB32WjAwBHRFUASYrPeQSgvQBJauNSVyZ4jaYJ0l2RVbYuNQYhJskjfq8wVcQTm4:1uRacy:s2aYzevu9F8JV2dujkwkU7w5xtjeODxv4j6occ8k5yI	2025-06-17 21:01:44.063431+02
jd4nr5bv6onnv3y9fl2zznk9dgf5lxqj	.eJxVjDsOwjAQBe_iGlleJ_5R0nMGa-1d4wBypDipEHeHSCmgfTPzXiLitta4dV7iROIswInT75gwP7jthO7YbrPMc1uXKcldkQft8joTPy-H-3dQsddvnShYkzyNLgcVNIBhYxLjqJRiBFcKeBiSsjpg0CU7rctgkSAjs0cS7w8Bwjha:1uOMoj:2iZe8BXiVMJXUM60pMaBxGfbWBkG_qL6ZO22Kh0KqGU	2025-06-08 23:40:33.196832+02
tdebkksbhp69z31wnra424jesmy6ejgx	.eJxVjMsOgjAUBf-la9O0UPpw6Z5vaG7vQ1ADCYWV8d-FhIVuz8yct8qwrUPeKi95JHVV1qnL71gAnzwdhB4w3WeN87QuY9GHok9adT8Tv26n-3cwQB32WjAwBHRFUASYrPeQSgvQBJauNSVyZ4jaYJ0l2RVbYuNQYhJskjfq8wVcQTm4:1uP7co:HKziTmZ5gEE0q-SknCLzEiFsqsDj72NGM8g4n5sauhM	2025-06-11 01:39:22.738958+02
uochvsjr8slun0q9mikqxz6rs6swv0je	.eJxVjDsOwjAQBe_iGlleJ_5R0nMGa-1d4wBypDipEHeHSCmgfTPzXiLitta4dV7iROIswInT75gwP7jthO7YbrPMc1uXKcldkQft8joTPy-H-3dQsddvnShYkzyNLgcVNIBhYxLjqJRiBFcKeBiSsjpg0CU7rctgkSAjs0cS7w8Bwjha:1uRyH7:HiOC3Lat5esJmVYxGcjzUtWIjKgKVTr-mr8CuIBPnYs	2025-06-18 22:16:45.009698+02
x9oquq509xzqduhdnx6n0d1i2byq8qr8	.eJxVjDsOwjAQBe_iGlleJ_5R0nMGa-1d4wBypDipEHeHSCmgfTPzXiLitta4dV7iROIswInT75gwP7jthO7YbrPMc1uXKcldkQft8joTPy-H-3dQsddvnShYkzyNLgcVNIBhYxLjqJRiBFcKeBiSsjpg0CU7rctgkSAjs0cS7w8Bwjha:1uPPiE:cjXX7o83yuEUdgreRmmwZKQDnNZq48z9zs2l0g7ZOT4	2025-06-11 20:58:10.557674+02
au04vi66ueahcxeplgs431uhpbp56iia	.eJxVjMsOgjAUBf-la9O0UPpw6Z5vaG7vQ1ADCYWV8d-FhIVuz8yct8qwrUPeKi95JHVV1qnL71gAnzwdhB4w3WeN87QuY9GHok9adT8Tv26n-3cwQB32WjAwBHRFUASYrPeQSgvQBJauNSVyZ4jaYJ0l2RVbYuNQYhJskjfq8wVcQTm4:1uS1xm:dHker3wpdGjjA8s3RyLGJ6UZpSoKHmk3qSukryNRyQQ	2025-06-19 02:13:02.167885+02
flbbqkckng53nbu0qz5oay9mtep0xssd	.eJxVjDsOwjAQBe_iGlleJ_5R0nMGa-1d4wBypDipEHeHSCmgfTPzXiLitta4dV7iROIswInT75gwP7jthO7YbrPMc1uXKcldkQft8joTPy-H-3dQsddvnShYkzyNLgcVNIBhYxLjqJRiBFcKeBiSsjpg0CU7rctgkSAjs0cS7w8Bwjha:1uSipd:zWMoq__FcV079XruHLKqeNDLL1PUkqa4BrgqJH6UmpY	2025-06-20 23:59:29.759791+02
7gqmmbf31ap7qhf6lthtn6127pbwbrml	.eJxVjDsOwjAQBe_iGlleJ_5R0nMGa-1d4wBypDipEHeHSCmgfTPzXiLitta4dV7iROIswInT75gwP7jthO7YbrPMc1uXKcldkQft8joTPy-H-3dQsddvnShYkzyNLgcVNIBhYxLjqJRiBFcKeBiSsjpg0CU7rctgkSAjs0cS7w8Bwjha:1uTOcb:sLgN-4mlPHgOypX-m8mV5EuaJ3zbqzfOpI3uN9IyVyw	2025-06-22 20:36:49.23347+02
11pzweij49zsr8fjhdr1rbtsa1q40ptj	.eJxVjDsOwjAQBe_iGlleJ_5R0nMGa-1d4wBypDipEHeHSCmgfTPzXiLitta4dV7iROIswInT75gwP7jthO7YbrPMc1uXKcldkQft8joTPy-H-3dQsddvnShYkzyNLgcVNIBhYxLjqJRiBFcKeBiSsjpg0CU7rctgkSAjs0cS7w8Bwjha:1uTRSq:qusSE5eIiBk8-UZSQ3CLTw6FjIu_lFdgT8oiBHtE3v8	2025-06-22 23:38:56.401311+02
znhomvh76fltakymrm0hh418v77vo08x	.eJxVjDsOwjAQBe_iGlleJ_5R0nMGa-1d4wBypDipEHeHSCmgfTPzXiLitta4dV7iROIswInT75gwP7jthO7YbrPMc1uXKcldkQft8joTPy-H-3dQsddvnShYkzyNLgcVNIBhYxLjqJRiBFcKeBiSsjpg0CU7rctgkSAjs0cS7w8Bwjha:1uSnw3:4mWQXmTCMGuMrtQ1O3XmQjB7d0hEMqDgoMXCQCoaa3E	2025-06-21 05:26:27.918089+02
ypptid8xs1ynm329obqeejrux6nmstwt	.eJxVjDsOwjAQBe_iGlleJ_5R0nMGa-1d4wBypDipEHeHSCmgfTPzXiLitta4dV7iROIswInT75gwP7jthO7YbrPMc1uXKcldkQft8joTPy-H-3dQsddvnShYkzyNLgcVNIBhYxLjqJRiBFcKeBiSsjpg0CU7rctgkSAjs0cS7w8Bwjha:1uTTSJ:Uov789PUaC8hhJyWrV9c-SlbG0PSa8z4yDggrRQPtTI	2025-06-23 01:46:31.227618+02
vh63i3y63f50fsud6172r8v9tb5lra9i	.eJxVjDsOwjAQBe_iGlleJ_5R0nMGa-1d4wBypDipEHeHSCmgfTPzXiLitta4dV7iROIswInT75gwP7jthO7YbrPMc1uXKcldkQft8joTPy-H-3dQsddvnShYkzyNLgcVNIBhYxLjqJRiBFcKeBiSsjpg0CU7rctgkSAjs0cS7w8Bwjha:1uTe27:S_UuYhI_ZjY3aqovkoeOXEMtL3PBzVI32raLWhVGRXk	2025-06-23 13:04:11.882051+02
wbsmcmanbtoc3esec4101ywo8u8hkd4o	.eJxVjDsOwjAQBe_iGlleJ_5R0nMGa-1d4wBypDipEHeHSCmgfTPzXiLitta4dV7iROIswInT75gwP7jthO7YbrPMc1uXKcldkQft8joTPy-H-3dQsddvnShYkzyNLgcVNIBhYxLjqJRiBFcKeBiSsjpg0CU7rctgkSAjs0cS7w8Bwjha:1uQ7ue:k8D9p3RxCiCrvqjCFKflvG6nxfRd_lIGAe2fqPLy00Y	2025-06-13 20:09:56.453822+02
pjb2kiuwi5awyoxr6al9a6xw0q6g3mxq	.eJxVjDsOwjAQBe_iGlleJ_5R0nMGa-1d4wBypDipEHeHSCmgfTPzXiLitta4dV7iROIswInT75gwP7jthO7YbrPMc1uXKcldkQft8joTPy-H-3dQsddvnShYkzyNLgcVNIBhYxLjqJRiBFcKeBiSsjpg0CU7rctgkSAjs0cS7w8Bwjha:1uM92Q:PMkdsSVhATpAmsccImyD3B-VvUrzxwLp1UerbWG_9xc	2025-06-02 20:33:30.500282+02
7pu8m148hii806wm7v8apkduqksqimpc	.eJxVjMsOgjAUBf-la9O0UPpw6Z5vaG7vQ1ADCYWV8d-FhIVuz8yct8qwrUPeKi95JHVV1qnL71gAnzwdhB4w3WeN87QuY9GHok9adT8Tv26n-3cwQB32WjAwBHRFUASYrPeQSgvQBJauNSVyZ4jaYJ0l2RVbYuNQYhJskjfq8wVcQTm4:1uQAjl:yckWrV8W5_p-lAbUIjei5Pg9jsW2Ot6xKv_LeIcixH4	2025-06-13 23:10:53.036434+02
tmshnz97f20zbww2zac6e5tdrnny4b01	.eJxVjDsOwjAQBe_iGlleJ_5R0nMGa-1d4wBypDipEHeHSCmgfTPzXiLitta4dV7iROIswInT75gwP7jthO7YbrPMc1uXKcldkQft8joTPy-H-3dQsddvnShYkzyNLgcVNIBhYxLjqJRiBFcKeBiSsjpg0CU7rctgkSAjs0cS7w8Bwjha:1uMCdv:QJ6qMPQmLtVfSmhW6AuaLW6cr6K9bce9sqLL5NWHWPU	2025-06-03 00:24:27.676056+02
ixb0egmwm6vym87plqc79mosqnhk3z7c	.eJxVjDsOwjAQBe_iGlleJ_5R0nMGa-1d4wBypDipEHeHSCmgfTPzXiLitta4dV7iROIswInT75gwP7jthO7YbrPMc1uXKcldkQft8joTPy-H-3dQsddvnShYkzyNLgcVNIBhYxLjqJRiBFcKeBiSsjpg0CU7rctgkSAjs0cS7w8Bwjha:1uQUlW:UmUu0MQvAr1wLzivS48iJqAmCZP9EMk_C3GpF8o5nH0	2025-06-14 20:34:02.305809+02
5faxbfs3pxwutdm8gpgmr0ypv5s2flt6	.eJxVjDsOwjAQBe_iGlleJ_5R0nMGa-1d4wBypDipEHeHSCmgfTPzXiLitta4dV7iROIswInT75gwP7jthO7YbrPMc1uXKcldkQft8joTPy-H-3dQsddvnShYkzyNLgcVNIBhYxLjqJRiBFcKeBiSsjpg0CU7rctgkSAjs0cS7w8Bwjha:1uMT19:x85kSYUATabRgoAER7QhO5x5hWb0RfgOUIAjNMlbhZw	2025-06-03 17:53:31.193542+02
08f6mcg2q0dg52x2y93p2luo8bit0yrc	.eJxVjDsOwjAQBe_iGlleJ_5R0nMGa-1d4wBypDipEHeHSCmgfTPzXiLitta4dV7iROIswInT75gwP7jthO7YbrPMc1uXKcldkQft8joTPy-H-3dQsddvnShYkzyNLgcVNIBhYxLjqJRiBFcKeBiSsjpg0CU7rctgkSAjs0cS7w8Bwjha:1uT9Av:iZ7tjErggi-wt3xBR2qBGUONwRhooECZhYcmxan2f24	2025-06-22 04:07:13.692875+02
tch18ucjj03jhzt8zhvr4a826ushz6m3	.eJxVjDsOwjAQBe_iGlleJ_5R0nMGa-1d4wBypDipEHeHSCmgfTPzXiLitta4dV7iROIswInT75gwP7jthO7YbrPMc1uXKcldkQft8joTPy-H-3dQsddvnShYkzyNLgcVNIBhYxLjqJRiBFcKeBiSsjpg0CU7rctgkSAjs0cS7w8Bwjha:1uMYml:1uW3gArh1I1iWU9yVw3XcsM1t_QRndVpeim_Xqi282g	2025-06-04 00:03:03.685487+02
h463ygna5rblovsgo9ej1b5aq7adjkbg	.eJxVjDsOwjAQBe_iGlleJ_5R0nMGa-1d4wBypDipEHeHSCmgfTPzXiLitta4dV7iROIswInT75gwP7jthO7YbrPMc1uXKcldkQft8joTPy-H-3dQsddvnShYkzyNLgcVNIBhYxLjqJRiBFcKeBiSsjpg0CU7rctgkSAjs0cS7w8Bwjha:1uMtsU:ItxTWI0xBVT9M3PkuIa70gPEwA1JfSDkAKARGv5Iy0Q	2025-06-04 22:34:22.895625+02
4h36b7ggsnum0ry5ghqvxzrbv0idtzia	.eJxVjDsOwjAQBe_iGlleJ_5R0nMGa-1d4wBypDipEHeHSCmgfTPzXiLitta4dV7iROIswInT75gwP7jthO7YbrPMc1uXKcldkQft8joTPy-H-3dQsddvnShYkzyNLgcVNIBhYxLjqJRiBFcKeBiSsjpg0CU7rctgkSAjs0cS7w8Bwjha:1uTPaW:pDI5OB5eLSK9EO78n771ybjFkKEyDIvZnu4DWaWPKQw	2025-06-22 21:38:44.954484+02
fue557dn10ltehcm9urn2wutjl2aprwh	.eJxVjDsOwjAQBe_iGlleJ_5R0nMGa-1d4wBypDipEHeHSCmgfTPzXiLitta4dV7iROIswInT75gwP7jthO7YbrPMc1uXKcldkQft8joTPy-H-3dQsddvnShYkzyNLgcVNIBhYxLjqJRiBFcKeBiSsjpg0CU7rctgkSAjs0cS7w8Bwjha:1uNuT0:MBvPxKlIvKIKi6B_MVcmm1Gw-1NEtyskoDkj-iXo-Bw	2025-06-07 17:24:14.497114+02
lflaa6xq0xhe4wbzb79hquacg61p00uk	.eJxVjMsOgjAUBf-la9O0UPpw6Z5vaG7vQ1ADCYWV8d-FhIVuz8yct8qwrUPeKi95JHVV1qnL71gAnzwdhB4w3WeN87QuY9GHok9adT8Tv26n-3cwQB32WjAwBHRFUASYrPeQSgvQBJauNSVyZ4jaYJ0l2RVbYuNQYhJskjfq8wVcQTm4:1uTRYn:m7KL5Ry2xLUU1S8llSA1wZTQHR353yHcwFcay6-DtWk	2025-06-22 23:45:05.214363+02
ohv4varcvuspuhwe232566y8arnsuge4	.eJxVjDsOwjAQBe_iGlleJ_5R0nMGa-1d4wBypDipEHeHSCmgfTPzXiLitta4dV7iROIswInT75gwP7jthO7YbrPMc1uXKcldkQft8joTPy-H-3dQsddvnShYkzyNLgcVNIBhYxLjqJRiBFcKeBiSsjpg0CU7rctgkSAjs0cS7w8Bwjha:1uO17S:1mirHeDBIrbRJV_bz8yu7UX1Ca233gxGINdERmm2NEc	2025-06-08 00:30:26.889365+02
9lfyt6r9s6iazc62f49qj8j8qriim3fo	.eJxVjDsOwjAQBe_iGlleJ_5R0nMGa-1d4wBypDipEHeHSCmgfTPzXiLitta4dV7iROIswInT75gwP7jthO7YbrPMc1uXKcldkQft8joTPy-H-3dQsddvnShYkzyNLgcVNIBhYxLjqJRiBFcKeBiSsjpg0CU7rctgkSAjs0cS7w8Bwjha:1uRG0F:HsPoSx4ewY82xUVj_gPfMlJwrCCXkoDZyMDXRyIB8wU	2025-06-16 23:00:23.147802+02
d9b8ir98z5n6ze30349qiegd2wbdi197	.eJxVjDsOwjAQBe_iGlleJ_5R0nMGa-1d4wBypDipEHeHSCmgfTPzXiLitta4dV7iROIswInT75gwP7jthO7YbrPMc1uXKcldkQft8joTPy-H-3dQsddvnShYkzyNLgcVNIBhYxLjqJRiBFcKeBiSsjpg0CU7rctgkSAjs0cS7w8Bwjha:1uOk6V:6RpWUYELb4vP9UVz8iqEDf1RncqERx87Wef4k51_p28	2025-06-10 00:32:27.855131+02
fxs8xka959dsqkfpeuum44lpvrs518cl	.eJxVjDsOwjAQBe_iGlleJ_5R0nMGa-1d4wBypDipEHeHSCmgfTPzXiLitta4dV7iROIswInT75gwP7jthO7YbrPMc1uXKcldkQft8joTPy-H-3dQsddvnShYkzyNLgcVNIBhYxLjqJRiBFcKeBiSsjpg0CU7rctgkSAjs0cS7w8Bwjha:1uTnSx:eiLyXd-M_qjY5vM8nAJHv7OmqRQm8FFsAyRJ4idN4AY	2025-06-23 23:08:31.595441+02
7nxmfjeecic75pbjwojog1ks8zp50nbs	.eJxVjMsOgjAUBf-la9O0UPpw6Z5vaG7vQ1ADCYWV8d-FhIVuz8yct8qwrUPeKi95JHVV1qnL71gAnzwdhB4w3WeN87QuY9GHok9adT8Tv26n-3cwQB32WjAwBHRFUASYrPeQSgvQBJauNSVyZ4jaYJ0l2RVbYuNQYhJskjfq8wVcQTm4:1uPNXl:ZRoDkNJLSQY3VPiqMDLjAgchW2XWp7waNHcPb93wZSs	2025-06-11 18:39:13.097007+02
9npsoy2j722ecldcako7l9g16dr5rvbu	.eJxVjDsOwjAQBe_iGlleJ_5R0nMGa-1d4wBypDipEHeHSCmgfTPzXiLitta4dV7iROIswInT75gwP7jthO7YbrPMc1uXKcldkQft8joTPy-H-3dQsddvnShYkzyNLgcVNIBhYxLjqJRiBFcKeBiSsjpg0CU7rctgkSAjs0cS7w8Bwjha:1uToUV:pa5sABuf35UL5sJGV1sSZHDXuUkPwAwuv-NCXm7PgNc	2025-06-24 00:14:11.257309+02
3yh8s6e2pfud5bwxiqj0ixe8qeepg17t	.eJxVjDsOwjAQBe_iGlleJ_5R0nMGa-1d4wBypDipEHeHSCmgfTPzXiLitta4dV7iROIswInT75gwP7jthO7YbrPMc1uXKcldkQft8joTPy-H-3dQsddvnShYkzyNLgcVNIBhYxLjqJRiBFcKeBiSsjpg0CU7rctgkSAjs0cS7w8Bwjha:1uPRd6:pC517-18lFqU7XzoNHSWG_VPOpWyrx9cA8LbVWZFyAE	2025-06-11 23:01:00.475073+02
4lla1ckfv2exmy73hu2r7jd16is7ozis	.eJxVjMsOgjAUBf-la9O0UPpw6Z5vaG7vQ1ADCYWV8d-FhIVuz8yct8qwrUPeKi95JHVV1qnL71gAnzwdhB4w3WeN87QuY9GHok9adT8Tv26n-3cwQB32WjAwBHRFUASYrPeQSgvQBJauNSVyZ4jaYJ0l2RVbYuNQYhJskjfq8wVcQTm4:1uTof5:6Lc75dXJoO0mNGH8Raul3-8WYjCekrm288edYB-lWDs	2025-06-24 00:25:07.228883+02
wgqa5bea6poqrpqf74nud4mwjlzdsgw2	.eJxVjDsOwjAQBe_iGlleJ_5R0nMGa-1d4wBypDipEHeHSCmgfTPzXiLitta4dV7iROIswInT75gwP7jthO7YbrPMc1uXKcldkQft8joTPy-H-3dQsddvnShYkzyNLgcVNIBhYxLjqJRiBFcKeBiSsjpg0CU7rctgkSAjs0cS7w8Bwjha:1uTpkm:hk79oObdDpsgKXN_g_JzU5K3QgOlW09as4mHw05WQxY	2025-06-24 01:35:04.866815+02
aj5qckd6ca70ux8fl59emvr1x4lb4ng6	.eJxVjMsOgjAUBf-la9O0UPpw6Z5vaG7vQ1ADCYWV8d-FhIVuz8yct8qwrUPeKi95JHVV1qnL71gAnzwdhB4w3WeN87QuY9GHok9adT8Tv26n-3cwQB32WjAwBHRFUASYrPeQSgvQBJauNSVyZ4jaYJ0l2RVbYuNQYhJskjfq8wVcQTm4:1uRzfI:_jq7ksniuEPhQvwdvA6JOI0A2VisC1QgN94XQGA73_Y	2025-06-18 23:45:48.684726+02
vjvie7bcfbmsrhiw5xxoerzbh1rnd29f	.eJxVjMsOgjAUBf-la9O0UPpw6Z5vaG7vQ1ADCYWV8d-FhIVuz8yct8qwrUPeKi95JHVV1qnL71gAnzwdhB4w3WeN87QuY9GHok9adT8Tv26n-3cwQB32WjAwBHRFUASYrPeQSgvQBJauNSVyZ4jaYJ0l2RVbYuNQYhJskjfq8wVcQTm4:1uTqJP:IdweJA49h5jZwpwMuJYouDiNwHWZEl8jJYuuRRH3eY4	2025-06-24 02:10:51.817446+02
wu7vtyd9jt6pazyprmt61gi4l50ky6eo	.eJxVjDsOwjAQBe_iGlleJ_5R0nMGa-1d4wBypDipEHeHSCmgfTPzXiLitta4dV7iROIswInT75gwP7jthO7YbrPMc1uXKcldkQft8joTPy-H-3dQsddvnShYkzyNLgcVNIBhYxLjqJRiBFcKeBiSsjpg0CU7rctgkSAjs0cS7w8Bwjha:1uSLf8:JcEGS2hOLwMjBloB75oG4_ZO2T6gkqHCBwhTIVGgUQo	2025-06-19 23:15:06.406443+02
wvq9ig0hskiyhqjlasu3wcda9eb9n091	.eJxVjDsOwjAQBe_iGlleJ_5R0nMGa-1d4wBypDipEHeHSCmgfTPzXiLitta4dV7iROIswInT75gwP7jthO7YbrPMc1uXKcldkQft8joTPy-H-3dQsddvnShYkzyNLgcVNIBhYxLjqJRiBFcKeBiSsjpg0CU7rctgkSAjs0cS7w8Bwjha:1uSkek:ZGNLlPvosJFJxUBo48n1_V1rCMAWMfMIkgylf9Nj6Mw	2025-06-21 01:56:22.102995+02
oggu7evagwab48oq1qyrinoz7u0yzbon	.eJxVjDsOwjAQBe_iGlleJ_5R0nMGa-1d4wBypDipEHeHSCmgfTPzXiLitta4dV7iROIswInT75gwP7jthO7YbrPMc1uXKcldkQft8joTPy-H-3dQsddvnShYkzyNLgcVNIBhYxLjqJRiBFcKeBiSsjpg0CU7rctgkSAjs0cS7w8Bwjha:1uSmVV:r3KTPvJLS3_9rrZCuOjXiITK-CKj78Gt5OgJW2bo6Ag	2025-06-21 03:54:57.657167+02
yidy4rlgcunl15y90lrvf640vgfugxyp	.eJxVjDsOwjAQBe_iGlleJ_5R0nMGa-1d4wBypDipEHeHSCmgfTPzXiLitta4dV7iROIswInT75gwP7jthO7YbrPMc1uXKcldkQft8joTPy-H-3dQsddvnShYkzyNLgcVNIBhYxLjqJRiBFcKeBiSsjpg0CU7rctgkSAjs0cS7w8Bwjha:1uL0bA:xhnzg_m3_x6h4RmXogXu_zb4LNheMRZM3WpXYmPVJXs	2025-05-30 17:20:40.919166+02
i4j9am619l9b4mgswpy3csmompj78gr8	.eJyrVipILC4uzy9KiS9KLU4tiU_OT0lVslIysjA0NjRW0kGXTs1NzMwByidWJqZnZObml1alGhkYGTmkg8T1kvNzlWoB1ugdRg:1uL1yF:nDbNB5zzrU3Lo2nUctaEUTyUzELcdB6aeivjji7px1Q	2025-05-30 18:48:35.089954+02
c6xddbqz2i4zwvoxnh4x70o2261tmv08	.eJxVjMsOgjAUBf-la9O0UPpw6Z5vaG7vQ1ADCYWV8d-FhIVuz8yct8qwrUPeKi95JHVV1qnL71gAnzwdhB4w3WeN87QuY9GHok9adT8Tv26n-3cwQB32WjAwBHRFUASYrPeQSgvQBJauNSVyZ4jaYJ0l2RVbYuNQYhJskjfq8wVcQTm4:1uQ7wf:hBvcGoGIjiHKSKCRDQNuA9gCqTTTrZdR_YX6ChQf5D0	2025-06-13 20:12:01.988083+02
95q3kqvz7prnwrtukramk9wy5jldd5fy	.eJxVjMsOgjAUBf-la9O0UPpw6Z5vaG7vQ1ADCYWV8d-FhIVuz8yct8qwrUPeKi95JHVV1qnL71gAnzwdhB4w3WeN87QuY9GHok9adT8Tv26n-3cwQB32WjAwBHRFUASYrPeQSgvQBJauNSVyZ4jaYJ0l2RVbYuNQYhJskjfq8wVcQTm4:1uT4F2:K03BEFrnIgOU7yUnOHPm96pZH1iIXw3KqohaZcKn6JU	2025-06-21 22:51:08.366029+02
ikf3btxnbbke4otdvgtfurizzn86zwwj	.eJxVjDsOwjAQBe_iGlleJ_5R0nMGa-1d4wBypDipEHeHSCmgfTPzXiLitta4dV7iROIswInT75gwP7jthO7YbrPMc1uXKcldkQft8joTPy-H-3dQsddvnShYkzyNLgcVNIBhYxLjqJRiBFcKeBiSsjpg0CU7rctgkSAjs0cS7w8Bwjha:1uME6G:9F31eDyVVztjnN88vI7rJyn9Qcu7gapVwCJfcsh6_5Y	2025-06-03 01:57:48.728382+02
zbsdz2zy3w7crmtrndn1iutxdvf9q0rb	.eJxVjDsOwjAQBe_iGlleJ_5R0nMGa-1d4wBypDipEHeHSCmgfTPzXiLitta4dV7iROIswInT75gwP7jthO7YbrPMc1uXKcldkQft8joTPy-H-3dQsddvnShYkzyNLgcVNIBhYxLjqJRiBFcKeBiSsjpg0CU7rctgkSAjs0cS7w8Bwjha:1uMVw4:2DJT4Hb-GQ7n_-LDqOjEm6zVOcRoN0dThoLvQ-A-Awo	2025-06-03 21:00:28.988251+02
68usg4vrfbf2o2wkaizvn6k9dixw7y53	.eJxVjDsOwjAQBe_iGlleJ_5R0nMGa-1d4wBypDipEHeHSCmgfTPzXiLitta4dV7iROIswInT75gwP7jthO7YbrPMc1uXKcldkQft8joTPy-H-3dQsddvnShYkzyNLgcVNIBhYxLjqJRiBFcKeBiSsjpg0CU7rctgkSAjs0cS7w8Bwjha:1uTA7m:O9bu5GE0gyt3kerlhzGXVCIfw9ILhKaszLQTLyL4bys	2025-06-22 05:08:02.483467+02
qtkks4dhskd74x9aiegg8h42c1yshdg2	.eJxVjDsOwjAQBe_iGlleJ_5R0nMGa-1d4wBypDipEHeHSCmgfTPzXiLitta4dV7iROIswInT75gwP7jthO7YbrPMc1uXKcldkQft8joTPy-H-3dQsddvnShYkzyNLgcVNIBhYxLjqJRiBFcKeBiSsjpg0CU7rctgkSAjs0cS7w8Bwjha:1uQCoR:maIe5-OFS28WyyX83q4Eq-7VY8RuW_PpWq8L_oLAY-c	2025-06-14 01:23:51.478111+02
ioiuaheo6rh2uvsmqon2m0h2j6qje0vk	.eJxVjDsOwjAQBe_iGlleJ_5R0nMGa-1d4wBypDipEHeHSCmgfTPzXiLitta4dV7iROIswInT75gwP7jthO7YbrPMc1uXKcldkQft8joTPy-H-3dQsddvnShYkzyNLgcVNIBhYxLjqJRiBFcKeBiSsjpg0CU7rctgkSAjs0cS7w8Bwjha:1uMvdM:UcLxVVC3U4qOe6Kl1xeKeHYP0CrSv9KfyAOrGDy2Z3k	2025-06-05 00:26:52.718239+02
e3dmcgq3ewrykqexd6bkpw5idv9jef23	.eJxVjDsOwjAQBe_iGlleJ_5R0nMGa-1d4wBypDipEHeHSCmgfTPzXiLitta4dV7iROIswInT75gwP7jthO7YbrPMc1uXKcldkQft8joTPy-H-3dQsddvnShYkzyNLgcVNIBhYxLjqJRiBFcKeBiSsjpg0CU7rctgkSAjs0cS7w8Bwjha:1uNvai:2MJCDwQ92IZsZvTO8tsH9iHyEuPJVZZSVqDYYXg1DgY	2025-06-07 18:36:16.313624+02
wqb0lpvz2oxnbavj3w7p3ij762tj03pf	.eJxVjDsOwjAQBe_iGlleJ_5R0nMGa-1d4wBypDipEHeHSCmgfTPzXiLitta4dV7iROIswInT75gwP7jthO7YbrPMc1uXKcldkQft8joTPy-H-3dQsddvnShYkzyNLgcVNIBhYxLjqJRiBFcKeBiSsjpg0CU7rctgkSAjs0cS7w8Bwjha:1uTSV1:KybzwfFvQkq6GhoaxQ_EBqPwpDWpaeEphH-DsXRdOWM	2025-06-23 00:45:15.202891+02
by39dlkolbcuh2lzh3h5iora2kpnycc8	.eJxVjDsOwjAQBe_iGlleJ_5R0nMGa-1d4wBypDipEHeHSCmgfTPzXiLitta4dV7iROIswInT75gwP7jthO7YbrPMc1uXKcldkQft8joTPy-H-3dQsddvnShYkzyNLgcVNIBhYxLjqJRiBFcKeBiSsjpg0CU7rctgkSAjs0cS7w8Bwjha:1uO26c:Jb5qqrORjHrZcm6upvroakPlKwbpyS0tig37ZzxTxtM	2025-06-08 01:33:38.291078+02
7wvh80cpy1gcuf1x01ch2yvetpqry48q	.eJxljbtOxDAURP_FLax1bcevVIh-u-2ta_vmAZsExVkhhPh3bGmbhXbOzJlv9oGlfG57DjsVOkLaMrGeKaeVkez5L6YF52vlXzWmfVyEVC9jy3jalv_1ZgvHvDSlBKlPYE7gLsL2neklcGu97vwTQA9Q1wFvxxRu1RzmXCfCPoYR0zutjeQ3XMetnq7HPkfeKvxOCz_X1-vrvfsgmLBMdR2zNzq63NnkwUshNGkdCTsAIBR2GIQTKoKRHr0ckpVyUAazSEjkMLOfX1yqZOg:1uOK8r:GDQiwOWLzKaoEe8qLaFCzl0KN7W2bDroblXDYep-piE	2025-06-08 20:49:09.677809+02
7b8rwepgfona7ufjcmxrqbd9sbo27odf	.eJxVjDsOwjAQBe_iGlleJ_5R0nMGa-1d4wBypDipEHeHSCmgfTPzXiLitta4dV7iROIswInT75gwP7jthO7YbrPMc1uXKcldkQft8joTPy-H-3dQsddvnShYkzyNLgcVNIBhYxLjqJRiBFcKeBiSsjpg0CU7rctgkSAjs0cS7w8Bwjha:1uQW6n:CkoZeVvqpmDMZ45bu50qB6tPmNywZPu_xoGMpz04Zt4	2025-06-14 22:00:05.035064+02
hf6avw71v4ex1wf7092lzspkkpxpnpnj	.eJxljrFOxDAQRP_FLXfRemPHSSpET0dvre1NYrgkyE5AgPh3HOma49p580bzI94p5881BZs482b9Glj0olZojBKn_5hnipfC6YvGKc7r_s0IiI_jkVd-ne-VY9FucT5mS1efQZ9reJGmR90rrJRptDIPAD3Avf3BKQ6Rg-i3tPNJWNq3ye6Zk40lFNKIm9CRf-PlIOGVlnEtn5YtRVcdlepKc_VcTl2ert2bgYnyVGwXuka7NijjO-hQSs1aOyYFAEzSDINsZe2gwY46HLxBHOqGgvTE3FIQv39_GHJP:1uL3f6:hNkTKD9PU4Nw7PqcuDu2E5PdMGphirM53MbqJ4VG9X8	2025-05-30 20:36:56.369695+02
5km0nyfeox0075y7w9ea7okneu7z3i8o	.eJxVjDsOwjAQBe_iGlleJ_5R0nMGa-1d4wBypDipEHeHSCmgfTPzXiLitta4dV7iROIswInT75gwP7jthO7YbrPMc1uXKcldkQft8joTPy-H-3dQsddvnShYkzyNLgcVNIBhYxLjqJRiBFcKeBiSsjpg0CU7rctgkSAjs0cS7w8Bwjha:1uP4TC:Z1AbKOA_KYpeaIXfZyFDdPSiSabOD69yjwFMa2b-nRs	2025-06-10 22:17:14.835535+02
s6kjxlxnkqkubd0ycs5jss5r4553u9hq	.eJxVjMsOgjAUBf-la9O0UPpw6Z5vaG7vQ1ADCYWV8d-FhIVuz8yct8qwrUPeKi95JHVV1qnL71gAnzwdhB4w3WeN87QuY9GHok9adT8Tv26n-3cwQB32WjAwBHRFUASYrPeQSgvQBJauNSVyZ4jaYJ0l2RVbYuNQYhJskjfq8wVcQTm4:1uRErr:oynIEfQ-TuYWigC3_I5sVENoM3V_kftdTA50z9xwAv0	2025-06-16 21:47:39.055663+02
11gykovyv8xfsv62xu9i15t41avw6laf	.eJxVjDsOwjAQBe_iGlleJ_5R0nMGa-1d4wBypDipEHeHSCmgfTPzXiLitta4dV7iROIswInT75gwP7jthO7YbrPMc1uXKcldkQft8joTPy-H-3dQsddvnShYkzyNLgcVNIBhYxLjqJRiBFcKeBiSsjpg0CU7rctgkSAjs0cS7w8Bwjha:1uPOhu:P_QpEZQRl3uGHLtmTuBkYLEV7hsN-y996yA2mv_Dlgs	2025-06-11 19:53:46.501697+02
othc4dw954r36jrjh70yqemg8nv1hejm	.eJxVjMsOgjAUBf-la9O0UPpw6Z5vaG7vQ1ADCYWV8d-FhIVuz8yct8qwrUPeKi95JHVV1qnL71gAnzwdhB4w3WeN87QuY9GHok9adT8Tv26n-3cwQB32WjAwBHRFUASYrPeQSgvQBJauNSVyZ4jaYJ0l2RVbYuNQYhJskjfq8wVcQTm4:1uPRst:NDL386aE4S1JtHe5qOzS41G50ERQfvr5Jwjj8cJTJfU	2025-06-11 23:17:19.832843+02
ymuc1bnn0hzo12gt6k3x2f777dtbh6nn	.eJxVjDsOwjAQBe_iGln-rH-U9JzBWq9tHECOFCcV4u4QKQW0b2bei0Xc1ha3UZY4ZXZmSrDT75iQHqXvJN-x32ZOc1-XKfFd4Qcd_Drn8rwc7t9Bw9G-NUjwNZRkpC9G6gBYrQHpk0UwFm3IgpIjFBqyCFqTcwqUJKtqTcEge38A6mE3dQ:1uRX3J:EGyyxif2EQWYwN2h1qN9TIIzvRLQmlIyj4Mdk5-7SvI	2025-06-17 17:12:41.218964+02
ogo896po34tndhhu762pwrjquag2p5tq	.eJxVjDsOwjAQBe_iGlleJ_5R0nMGa-1d4wBypDipEHeHSCmgfTPzXiLitta4dV7iROIswInT75gwP7jthO7YbrPMc1uXKcldkQft8joTPy-H-3dQsddvnShYkzyNLgcVNIBhYxLjqJRiBFcKeBiSsjpg0CU7rctgkSAjs0cS7w8Bwjha:1uRbsh:tOs5p6GNgfLdIh73zVg2VJaHCqJP6Pkdp_VCnA4CgIM	2025-06-17 22:22:03.012927+02
hr8qhjvuyiph4antp0cho169yjlg3kfq	.eJxVjDsOwjAQBe_iGlleJ_5R0nMGa-1d4wBypDipEHeHSCmgfTPzXiLitta4dV7iROIswInT75gwP7jthO7YbrPMc1uXKcldkQft8joTPy-H-3dQsddvnShYkzyNLgcVNIBhYxLjqJRiBFcKeBiSsjpg0CU7rctgkSAjs0cS7w8Bwjha:1uRzNd:mdg3nQfekw0P7v_3Em0Pc7ThJUwP8WXNzT8WpgHMQHQ	2025-06-18 23:27:33.544843+02
8qzmvlxzqn8bgj1y8iu7bhjl4k0zvb7r	.eJxVjDsOwjAQBe_iGlleJ_5R0nMGa-1d4wBypDipEHeHSCmgfTPzXiLitta4dV7iROIswInT75gwP7jthO7YbrPMc1uXKcldkQft8joTPy-H-3dQsddvnShYkzyNLgcVNIBhYxLjqJRiBFcKeBiSsjpg0CU7rctgkSAjs0cS7w8Bwjha:1uSN61:y1gfJPY-Z36LM1NtnPzypRzbOoG7qMZ1oGLAB3VwNc0	2025-06-20 00:46:57.98439+02
naovierxiosl4j2hlgmwq2j78wx0i3kc	.eJxVjMsOgjAUBf-la9O0UPpw6Z5vaG7vQ1ADCYWV8d-FhIVuz8yct8qwrUPeKi95JHVV1qnL71gAnzwdhB4w3WeN87QuY9GHok9adT8Tv26n-3cwQB32WjAwBHRFUASYrPeQSgvQBJauNSVyZ4jaYJ0l2RVbYuNQYhJskjfq8wVcQTm4:1uSlDf:L2Bzy_3-cCI-teNGHWS-_Ppy96cdNOMrJfM_phXSUqk	2025-06-21 02:32:27.222147+02
q772ta3nn49ww8is7f94q2xiqeats5jh	.eJxVjEEOwiAQRe_C2hA6MAVcuvcMZGBAqoYmpV0Z765NutDtf-_9lwi0rTVsPS9hYnEWoMXpd4yUHrnthO_UbrNMc1uXKcpdkQft8jpzfl4O9--gUq_fOoE1kZR2bB0gICXMyNlG4Fx0KRoGhX60UQFbO4w6IhpCT8Z59jCK9wcChzeA:1uSmb3:jlcPdBaPTPVh5_TZdcC3JkmCnfAJ451goUoZrZyxsxU	2025-06-21 04:00:41.47297+02
5sd6nwg4vb8nmxv744je07qesv9k1ext	.eJxVjDsOwjAQBe_iGlleJ_5R0nMGa-1d4wBypDipEHeHSCmgfTPzXiLitta4dV7iROIswInT75gwP7jthO7YbrPMc1uXKcldkQft8joTPy-H-3dQsddvnShYkzyNLgcVNIBhYxLjqJRiBFcKeBiSsjpg0CU7rctgkSAjs0cS7w8Bwjha:1uU952:zrLvQJq6Wfax73oW1JQqzkbI6LDwwGbjNGcYWOi0uLU	2025-06-24 22:13:16.519099+02
hx6okuvp9ar3srl9aeypwn56jsimfdcf	.eJxVjMsOgjAUBf-la9O0UPpw6Z5vaG7vQ1ADCYWV8d-FhIVuz8yct8qwrUPeKi95JHVV1qnL71gAnzwdhB4w3WeN87QuY9GHok9adT8Tv26n-3cwQB32WjAwBHRFUASYrPeQSgvQBJauNSVyZ4jaYJ0l2RVbYuNQYhJskjfq8wVcQTm4:1uUSZ3:swht3ccprHAzEZMF9a82jHJASNyQIQWlkKMdxtebzHM	2025-06-25 19:01:33.344778+02
wwk1vjb01jg8z02h4i3jsct0vmmx9ytu	.eJxVjDsOwjAQBe_iGlleJ_5R0nMGa-1d4wBypDipEHeHSCmgfTPzXiLitta4dV7iROIswInT75gwP7jthO7YbrPMc1uXKcldkQft8joTPy-H-3dQsddvnShYkzyNLgcVNIBhYxLjqJRiBFcKeBiSsjpg0CU7rctgkSAjs0cS7w8Bwjha:1uUAJt:6nw1jk9qhfVlN1aT0NfO5hka3q0ufzuyzLtoycU_LqI	2025-06-24 23:32:41.455584+02
ui82zsfhwhjsbhnffuzyykndmms7k6h9	.eJxVjDsOwjAQBe_iGlleJ_5R0nMGa-1d4wBypDipEHeHSCmgfTPzXiLitta4dV7iROIswInT75gwP7jthO7YbrPMc1uXKcldkQft8joTPy-H-3dQsddvnShYkzyNLgcVNIBhYxLjqJRiBFcKeBiSsjpg0CU7rctgkSAjs0cS7w8Bwjha:1uUbEN:roGqKDbvn5X_ZN-RKpcx-rydXobWLB5C73M_nI_cyAg	2025-06-26 04:16:47.014312+02
g39a7risshzvlit6a5ewrzazqabo2lk8	.eJxVjDsOwjAQBe_iGlleJ_5R0nMGa-1d4wBypDipEHeHSCmgfTPzXiLitta4dV7iROIswInT75gwP7jthO7YbrPMc1uXKcldkQft8joTPy-H-3dQsddvnShYkzyNLgcVNIBhYxLjqJRiBFcKeBiSsjpg0CU7rctgkSAjs0cS7w8Bwjha:1vH9nG:u7ex1S6NqDsZ8O1mcA6v1wQ_hgQiT2GbdTfCenlv-dE	2025-11-07 01:53:30.568448+01
xor3yarx1qc677v8ngotp1zjy5p38zmr	.eJxVjDsOwjAQBe_iGlleJ_5R0nMGa-1d4wBypDipEHeHSCmgfTPzXiLitta4dV7iROIswInT75gwP7jthO7YbrPMc1uXKcldkQft8joTPy-H-3dQsddvnShYkzyNLgcVNIBhYxLjqJRiBFcKeBiSsjpg0CU7rctgkSAjs0cS7w8Bwjha:1uUBPI:QlicwsSGgGZ3nTRP9hjQ8POxFjvEnHYiBEs_jDWZTyI	2025-06-25 00:42:20.049259+02
egweuslhew3gndm6lhbw9yaquf3a1ev7	.eJxVjDsOwjAQBe_iGlleJ_5R0nMGa-1d4wBypDipEHeHSCmgfTPzXiLitta4dV7iROIswInT75gwP7jthO7YbrPMc1uXKcldkQft8joTPy-H-3dQsddvnShYkzyNLgcVNIBhYxLjqJRiBFcKeBiSsjpg0CU7rctgkSAjs0cS7w8Bwjha:1uVAME:_7H2wg2qKSKQGNyt991DF7CqDISCPsBuHQw5F5mV0EI	2025-06-27 17:47:14.942234+02
qnnrbdsnbtlvpd30qjz96aatg39sb8vn	.eJyrVipILC4uzy9KiS9KLU4tiU_OT0lVslIyNLc0sDBW0kGXTs1NzMwByidWJqZnZObml1almlqaOKSDhPWS83MxdYAMjC_JzAWZamRgZKpraKBrYBliaGFlAkSGepYWBgYmFtoGBlYGBkq1AD8NLpY:1v6vgx:Fw27o8sT3yQhc85Ke9ycyoG2yiWd6nVpwOHLINVwxao	2025-10-09 21:48:43.734856+02
afcf0opjeag7ta9i79p3o4wkb4gl61pp	.eJxVjEEOwiAQRe_C2pBQKDAu3XuGZoYZpGpoUtpV491tky50-997f1MDrksZ1ibzMLK6KhPU5XckTC-pB-En1sek01SXeSR9KPqkTd8nlvftdP8OCray1x58QG-9WI4UPfTSddY5EwMTWHQ9I2FIOQOK6U0AAPY7yELBCZH6fAH5hDhg:1vHOVW:JMoK_eokbmY8IU2S-mmvMTeiJwv8qhLC1Gp2mhVLDrY	2025-11-07 17:36:10.749447+01
uqijrh0uhbhvxe35dtl2h9wqkciop6nu	.eJxVjDsOwjAQBe_iGlleJ_5R0nMGa-1d4wBypDipEHeHSCmgfTPzXiLitta4dV7iROIswInT75gwP7jthO7YbrPMc1uXKcldkQft8joTPy-H-3dQsddvnShYkzyNLgcVNIBhYxLjqJRiBFcKeBiSsjpg0CU7rctgkSAjs0cS7w8Bwjha:1uUBPI:QlicwsSGgGZ3nTRP9hjQ8POxFjvEnHYiBEs_jDWZTyI	2025-06-25 00:42:20.763023+02
47ilaf4c5inezi34q3hyarwu26o7l9ed	.eJxVjMsOgjAUBf-la9O0UPpw6Z5vaG7vQ1ADCYWV8d-FhIVuz8yct8qwrUPeKi95JHVV1qnL71gAnzwdhB4w3WeN87QuY9GHok9adT8Tv26n-3cwQB32WjAwBHRFUASYrPeQSgvQBJauNSVyZ4jaYJ0l2RVbYuNQYhJskjfq8wVcQTm4:1uVAR3:GkBb4lUB6xD62uSNFbTCek-lx9H03dIsDb-IzpAqs0w	2025-06-27 17:52:13.100348+02
l2ykxztck7be55njqbgjzdyi6dxk7m0f	.eJyrVipILC4uzy9KiS9KLU4tiU_OT0lVslKysDAwsjRT0kGXTs1NzMwByidWJqZnZObml1almlqaOKSDhPWS83MxdYAMjC_JzAWZamRgZKpraKBrYBliaGFlAkTGeqYWhsaGxtoGBlYGBkq1AEEnLpU:1v6vgy:WZ5K6owyaaLNmkOFrQG7bJF7BB42Fc-D2hVUzZm1FAs	2025-10-09 21:48:44.775035+02
qrnkazeluofhojbfey7o5i8jpsqpknu4	.eJxVjEEOwiAQRe_C2pBQKDAu3XuGZoYZpGpoUtpV491tky50-997f1MDrksZ1ibzMLK6KhPU5XckTC-pB-En1sek01SXeSR9KPqkTd8nlvftdP8OCray1x58QG-9WI4UPfTSddY5EwMTWHQ9I2FIOQOK6U0AAPY7yELBCZH6fAH5hDhg:1vHOd1:sU3fX-1vRENzT276PEq_Oo_EgUvIwN_4gQjl-9zxGQk	2025-11-07 17:43:55.629201+01
gv9j85unjklpyb5zuc3tvzo6syl3a2uu	.eJxVjMsOgjAUBf-la9O0UPpw6Z5vaG7vQ1ADCYWV8d-FhIVuz8yct8qwrUPeKi95JHVV1qnL71gAnzwdhB4w3WeN87QuY9GHok9adT8Tv26n-3cwQB32WjAwBHRFUASYrPeQSgvQBJauNSVyZ4jaYJ0l2RVbYuNQYhJskjfq8wVcQTm4:1uVCuy:PHVslWDaivSd1GTkzTBS2nOCxs7dbQWzzIp4UHRmuGo	2025-06-27 20:31:16.74894+02
5skbdmsdoip9hsgzpi998wsalcnffaf5	.eJxVi8sKwjAQRf9l1lKSdNIkLgW_I0weQ4K2aNOsxH-3Qhe6unDuOS_w1Lfie8urrwnOIBFOvzBQvOXl--Rnr485L9twsDZcZ6r3y2H8ZYVa2RsTXHZCcbCWWIyImpMzUglyLtqRFMYYJNGEWqOehJQ2KGSDyfA-Ft4foSsz3w:1vHQO8:xZ7VEw5-EH6g99YmgcUGtftXLelS0z0b0qF1k0SdcAg	2025-11-07 19:36:40.739142+01
4s2ntsrdb9m7t4efj3px7viydcob4crm	.eJxVjDsOwjAQBe_iGlleJ_5R0nMGa-1d4wBypDipEHeHSCmgfTPzXiLitta4dV7iROIswInT75gwP7jthO7YbrPMc1uXKcldkQft8joTPy-H-3dQsddvnShYkzyNLgcVNIBhYxLjqJRiBFcKeBiSsjpg0CU7rctgkSAjs0cS7w8Bwjha:1uUP5e:ICyf4ssrE6TxgQyoSMbzHJXPmBbWtLxlGixZOdtNABM	2025-06-25 15:18:58.86399+02
16ba4j1n3v01gpf4jm6p4aokkrn1oryc	.eJxVjMsOgjAUBf-la9O0UPpw6Z5vaG7vQ1ADCYWV8d-FhIVuz8yct8qwrUPeKi95JHVV1qnL71gAnzwdhB4w3WeN87QuY9GHok9adT8Tv26n-3cwQB32WjAwBHRFUASYrPeQSgvQBJauNSVyZ4jaYJ0l2RVbYuNQYhJskjfq8wVcQTm4:1uVCvC:poD_OlHebgdM2UsNljqogkTr9k0AGetAs5uM4fUEjHc	2025-06-27 20:31:30.183984+02
uf9vym6buip3kbzkubkigqtrxrc7olcg	.eJxVjDsOwjAQBe_iGlleJ_5R0nMGa-1d4wBypDipEHeHSCmgfTPzXiLitta4dV7iROIswInT75gwP7jthO7YbrPMc1uXKcldkQft8joTPy-H-3dQsddvnShYkzyNLgcVNIBhYxLjqJRiBFcKeBiSsjpg0CU7rctgkSAjs0cS7w8Bwjha:1v6vjF:TIs65B73uGjSnmW1NY-tvXHTqUaoB9zoc_JnVc9iIb0	2025-10-09 21:51:05.932355+02
9do2f68id22g5666qeuts0664he8xcpa	e30:1vHRgj:vAUTlWNB-cZkaRwaqvmfbwEiZY4IJ0jDL-o8CQ07qUs	2025-11-07 20:59:57.468681+01
9fow63vojdn9dn14n5bg3bonslvjbbj9	.eJxVjDsOwjAQBe_iGlleJ_5R0nMGa-1d4wBypDipEHeHSCmgfTPzXiLitta4dV7iROIswInT75gwP7jthO7YbrPMc1uXKcldkQft8joTPy-H-3dQsddvnShYkzyNLgcVNIBhYxLjqJRiBFcKeBiSsjpg0CU7rctgkSAjs0cS7w8Bwjha:1uUQ1l:FL88q2wvaTvttZ65jMOlQUD2omDZKiAKvNaRUWBxU1g	2025-06-25 16:19:01.240573+02
4xay28zmywzv3xmn6lbhieadu328mjxo	.eJxVjMsOgjAUBf-la9O0UPpw6Z5vaG7vQ1ADCYWV8d-FhIVuz8yct8qwrUPeKi95JHVV1qnL71gAnzwdhB4w3WeN87QuY9GHok9adT8Tv26n-3cwQB32WjAwBHRFUASYrPeQSgvQBJauNSVyZ4jaYJ0l2RVbYuNQYhJskjfq8wVcQTm4:1uUQEX:sdf2N8w4-sPDA84wbH6glWYKgyDZ3BA2iEwmPc08OA0	2025-06-25 16:32:13.454234+02
w7xjx2ad5s4xpws8okd4ibzu04eqazwd	.eJxVi0sKwjAQQO-StRTSfCbjUvAcYaaZkKAtappV8e5W6EK377OpSH0tsTd5xZrUWWlQp1_INN1k-Rp59vqYZVmHg7XhOlO9X47ibyvUyv549EDeeDEpcPDoZByNtTpAYjRkXSImmHJGEu00IGLyu8jCYIVZvT-e2TS9:1vHS8y:DE8b69Q8B5Zkhq3myiCwlCWyoQFMjUCU3ZxU9viTTkY	2025-11-07 21:29:08.121708+01
1vn2fe5z89t8w3rk3vhc0tsin5jiiple	.eJxVjDsOwjAQBe_iGlleJ_5R0nMGa-1d4wBypDipEHeHSCmgfTPzXiLitta4dV7iROIswInT75gwP7jthO7YbrPMc1uXKcldkQft8joTPy-H-3dQsddvnShYkzyNLgcVNIBhYxLjqJRiBFcKeBiSsjpg0CU7rctgkSAjs0cS7w8Bwjha:1uUQfG:dMcMPFWICLC50_xS0hVrBiJKRdIHp6p8fniWjipTAj4	2025-06-25 16:59:50.106582+02
gpfu229k929lwjfq255dxws8u9k42au5	e30:1vHS9v:Ylat87NJe6svt7dt1HcWmAyBATbJpgZtiRtnNJQuzdw	2025-11-07 21:30:07.280626+01
5sx2611ge8c45dowq1w3wb7ypnk4yi9u	.eJxVjDsOwjAQBe_iGlleJ_5R0nMGa-1d4wBypDipEHeHSCmgfTPzXiLitta4dV7iROIswInT75gwP7jthO7YbrPMc1uXKcldkQft8joTPy-H-3dQsddvnShYkzyNLgcVNIBhYxLjqJRiBFcKeBiSsjpg0CU7rctgkSAjs0cS7w8Bwjha:1uUQfH:99105MMGUMpDLn06w4whpOK8CbBiAsHg8c5lYwcabnk	2025-06-25 16:59:51.544254+02
tpy1anzqbevcvarkgww3hwj4s5stsl8v	.eJxVjDsOwjAQBe_iGlleJ_5R0nMGa-1d4wBypDipEHeHSCmgfTPzXiLitta4dV7iROIswInT75gwP7jthO7YbrPMc1uXKcldkQft8joTPy-H-3dQsddvnShYkzyNLgcVNIBhYxLjqJRiBFcKeBiSsjpg0CU7rctgkSAjs0cS7w8Bwjha:1uUQfI:bsVYysVR0Ond0Gug13hAjLkE1RaY-LFVWE-7n_cPYoQ	2025-06-25 16:59:52.417529+02
51s0hosc05shu85mzet2vlyezkurbxmg	.eJxVi0EOwiAQRe_C2jQUWoa6NPEcZIYZAtE2WsrKeHdr0oUu__vvvVTAtuXQqqyhsDorA-r0CwnjTZbvI89WHrMsW3ew2l1nLPfLYfxlGWvem6T7RJGtG8RGmYx4Y9IAwGxt1L0dtd4XsYs4gk8g7MSTZp4MoJBT7w--mTT8:1vHSXV:vw0YVv1YLDJMshMCTSgHlcXVkHgR0DsZM5HLjNbQHMU	2025-11-07 21:54:29.198812+01
hkahumguzn2djqtwh5dgwu3riwpt8c0p	.eJxVjDsOwjAQBe_iGlleJ_5R0nMGa-1d4wBypDipEHeHSCmgfTPzXiLitta4dV7iROIswInT75gwP7jthO7YbrPMc1uXKcldkQft8joTPy-H-3dQsddvnShYkzyNLgcVNIBhYxLjqJRiBFcKeBiSsjpg0CU7rctgkSAjs0cS7w8Bwjha:1uUQfI:bsVYysVR0Ond0Gug13hAjLkE1RaY-LFVWE-7n_cPYoQ	2025-06-25 16:59:52.970812+02
kcymro36o30dbk5qhm5b9rpfzbspcrbx	.eJxVjEEOwiAQRe_C2pBQKDAu3XuGZoYZpGpoUtpV491tky50-997f1MDrksZ1ibzMLK6KhPU5XckTC-pB-En1sek01SXeSR9KPqkTd8nlvftdP8OCray1x58QG-9WI4UPfTSddY5EwMTWHQ9I2FIOQOK6U0AAPY7yELBCZH6fAH5hDhg:1vHUBJ:91lWY3Y7hXgW-r3sihtDvKkATu8iTLnQQXv4V4jiuLQ	2025-11-07 23:39:41.539953+01
ulf1ei3sk9uhuyhxorpgcknq8raw0myp	.eJxVjDsOwjAQBe_iGlleJ_5R0nMGa-1d4wBypDipEHeHSCmgfTPzXiLitta4dV7iROIswInT75gwP7jthO7YbrPMc1uXKcldkQft8joTPy-H-3dQsddvnShYkzyNLgcVNIBhYxLjqJRiBFcKeBiSsjpg0CU7rctgkSAjs0cS7w8Bwjha:1uUQgd:U62YHIm2pjPJDQVn3a_v99Zu3Lk6fq-rdBSYeamQugI	2025-06-25 17:01:15.243952+02
yo4rgpfoff6wzdkrsuiw7rzc4fk2i78a	.eJxVjDsOwjAQBe_iGlleJ_5R0nMGa-1d4wBypDipEHeHSCmgfTPzXiLitta4dV7iROIswInT75gwP7jthO7YbrPMc1uXKcldkQft8joTPy-H-3dQsddvnShYkzyNLgcVNIBhYxLjqJRiBFcKeBiSsjpg0CU7rctgkSAjs0cS7w8Bwjha:1uUQhX:ITMhRm2XX1MK8IjAk11nmOL3mB2AW6BXasJau3PIr_o	2025-06-25 17:02:11.854351+02
1s9del3ywezdcokrdw8fggnm3d9n4zgj	.eJxVjEEOwiAQRe_C2pBQKDAu3XuGZoYZpGpoUtpV491tky50-997f1MDrksZ1ibzMLK6KhPU5XckTC-pB-En1sek01SXeSR9KPqkTd8nlvftdP8OCray1x58QG-9WI4UPfTSddY5EwMTWHQ9I2FIOQOK6U0AAPY7yELBCZH6fAH5hDhg:1vHVRU:SDhlkU8LptnOrGx4ahOu_tvfsUoQ9LAh1nTmxQF6MKM	2025-11-08 01:00:28.664207+01
trmpq8yt3xjp3x91n1ecfoa5lbgkhalu	.eJxVjDsOwjAQBe_iGlleJ_5R0nMGa-1d4wBypDipEHeHSCmgfTPzXiLitta4dV7iROIswInT75gwP7jthO7YbrPMc1uXKcldkQft8joTPy-H-3dQsddvnShYkzyNLgcVNIBhYxLjqJRiBFcKeBiSsjpg0CU7rctgkSAjs0cS7w8Bwjha:1uUQhX:ITMhRm2XX1MK8IjAk11nmOL3mB2AW6BXasJau3PIr_o	2025-06-25 17:02:11.950463+02
8t565i376dondh3jo7nm4z2f5g1nsvnn	.eJxVjMsOgjAUBf-la9O0UPpw6Z5vaG7vQ1ADCYWV8d-FhIVuz8yct8qwrUPeKi95JHVV1qnL71gAnzwdhB4w3WeN87QuY9GHok9adT8Tv26n-3cwQB32WjAwBHRFUASYrPeQSgvQBJauNSVyZ4jaYJ0l2RVbYuNQYhJskjfq8wVcQTm4:1uUQjj:2f9UFJPj0y_aI4i2aINkg2HeGl7zgCn3neJ7fN_TJyc	2025-06-25 17:04:27.013997+02
d580x0m65jy5z0f6yjvzdx1mbrg7pj2r	.eJxVjDsOwjAQBe_iGlleJ_5R0nMGa-1d4wBypDipEHeHSCmgfTPzXiLitta4dV7iROIswInT75gwP7jthO7YbrPMc1uXKcldkQft8joTPy-H-3dQsddvnShYkzyNLgcVNIBhYxLjqJRiBFcKeBiSsjpg0CU7rctgkSAjs0cS7w8Bwjha:1v6wgy:48QFn_TMU6eu-JquqKhsZrHW83RUWIiJZeD_3pqEb_o	2025-10-09 22:52:48.973683+02
a835op2gfkzqgeo73zcclh7dfzlnztjk	.eJxVjDsOwjAQBe_iGlleJ_5R0nMGa-1d4wBypDipEHeHSCmgfTPzXiLitta4dV7iROIswInT75gwP7jthO7YbrPMc1uXKcldkQft8joTPy-H-3dQsddvnShYkzyNLgcVNIBhYxLjqJRiBFcKeBiSsjpg0CU7rctgkSAjs0cS7w8Bwjha:1v6y5A:VXAzapO8nxYpMZTM-8VgcVOitSqyeHXlkX0gMbqaGTw	2025-10-10 00:21:52.039633+02
xgunlow4xf1fwzysi20yhkefzv9h8qt3	.eJxljDsOwjAQBe-yLSRaf5IVW9HS01tRvARLWEa2AxKIu4Nb0r55M2-4T6U8U_YuS5Hq5uQFGOyBiEbY_2OJU7j9-Gm5hpjWlxyXtvRzittza7kaYgtq1EOHY6eHs7KsDRvVk1GWaIfIiFv7ITlcgnjgmlf5fAGDbzkR:1uUR2j:o65e8KG3hIRA50Yqt2NQRRrYDQo5QdKR3EhVvYMalug	2025-06-25 17:24:05.987682+02
2v4z2iua2ay4gpdnxr48827evtwclfsd	.eJxVjMsOgjAUBf-la9O0UPpw6Z5vaG7vQ1ADCYWV8d-FhIVuz8yct8qwrUPeKi95JHVV1qnL71gAnzwdhB4w3WeN87QuY9GHok9adT8Tv26n-3cwQB32WjAwBHRFUASYrPeQSgvQBJauNSVyZ4jaYJ0l2RVbYuNQYhJskjfq8wVcQTm4:1uURW2:8Sj9iQGrvAkZKXaxZHZqe7i8Zv9OImANQy5ULcg69j8	2025-06-25 17:54:22.907908+02
hc7tkqdhoyv4z9ivo3y5dbsj0lm9lhs0	.eJxVjDsOwjAQBe_iGlleJ_5R0nMGa-1d4wBypDipEHeHSCmgfTPzXiLitta4dV7iROIswInT75gwP7jthO7YbrPMc1uXKcldkQft8joTPy-H-3dQsddvnShYkzyNLgcVNIBhYxLjqJRiBFcKeBiSsjpg0CU7rctgkSAjs0cS7w8Bwjha:1v6yYw:c64Hgyxn1GYtPtp-YnhlbUP1PgC864v4qFkqKxOHtAc	2025-10-10 00:52:38.32856+02
kqmfruoe0cnmkr94x9ykhe61498mczqo	.eJxVjMsOgjAUBf-la9O0UPpw6Z5vaG7vQ1ADCYWV8d-FhIVuz8yct8qwrUPeKi95JHVV1qnL71gAnzwdhB4w3WeN87QuY9GHok9adT8Tv26n-3cwQB32WjAwBHRFUASYrPeQSgvQBJauNSVyZ4jaYJ0l2RVbYuNQYhJskjfq8wVcQTm4:1uURW4:wW9ckHGtC4t0v116YRSqGcUmksQZseZfQYuCi95nPFM	2025-06-25 17:54:24.320198+02
m2fld1hamaabw2p09ydagjfky8yy5n6m	.eJxVjDsOwjAQBe_iGlleJ_5R0nMGa-1d4wBypDipEHeHSCmgfTPzXiLitta4dV7iROIswInT75gwP7jthO7YbrPMc1uXKcldkQft8joTPy-H-3dQsddvnShYkzyNLgcVNIBhYxLjqJRiBFcKeBiSsjpg0CU7rctgkSAjs0cS7w8Bwjha:1v6ydF:vy87gFyMLW1C-OrU57PErIAWjYFxRWqUXMC-cip7kMg	2025-10-10 00:57:05.049109+02
wy92ewemteyzi3kffbjv7e7kw1xd1jsn	.eJxVjMsOgjAUBf-la9O0UPpw6Z5vaG7vQ1ADCYWV8d-FhIVuz8yct8qwrUPeKi95JHVV1qnL71gAnzwdhB4w3WeN87QuY9GHok9adT8Tv26n-3cwQB32WjAwBHRFUASYrPeQSgvQBJauNSVyZ4jaYJ0l2RVbYuNQYhJskjfq8wVcQTm4:1uURW5:7-dJ5zf6rMY5FUhLN9DMYzDY_nzfPQ3HmalSiweeFjI	2025-06-25 17:54:25.892958+02
fiyiltowb9xfoha5nimcv49j38tvpnt1	.eJxVjDsOwjAQBe_iGlleJ_5R0nMGa-1d4wBypDipEHeHSCmgfTPzXiLitta4dV7iROIswInT75gwP7jthO7YbrPMc1uXKcldkQft8joTPy-H-3dQsddvnShYkzyNLgcVNIBhYxLjqJRiBFcKeBiSsjpg0CU7rctgkSAjs0cS7w8Bwjha:1v6yfM:RB07KyVLmxg_Y0nAGACwHgVT5ntAzoNd4xbEQmRJ9o4	2025-10-10 00:59:16.789559+02
eibu2lrjqc77yscg6m26zbjy03u7fq6t	.eJxVjMsOgjAUBf-la9O0UPpw6Z5vaG7vQ1ADCYWV8d-FhIVuz8yct8qwrUPeKi95JHVV1qnL71gAnzwdhB4w3WeN87QuY9GHok9adT8Tv26n-3cwQB32WjAwBHRFUASYrPeQSgvQBJauNSVyZ4jaYJ0l2RVbYuNQYhJskjfq8wVcQTm4:1uURW8:fYcRI0RCNtqLvdgRMlSzfD-nnYW0aFSHo92qebrqFA4	2025-06-25 17:54:28.485594+02
dedvszrm056u32atbrcp354vnj291sdo	.eJxVjDsOwjAQBe_iGlleJ_5R0nMGa-1d4wBypDipEHeHSCmgfTPzXiLitta4dV7iROIswInT75gwP7jthO7YbrPMc1uXKcldkQft8joTPy-H-3dQsddvnShYkzyNLgcVNIBhYxLjqJRiBFcKeBiSsjpg0CU7rctgkSAjs0cS7w8Bwjha:1v6yk2:je5wrTEOx0t0z7gEOAbZG3g8-Ew0_XFmlVwl2wmfgFA	2025-10-10 01:04:06.527804+02
651uaisg7x83t3kj4pqyhdlkzfmj0nt9	.eJxVjMsOgjAUBf-la9O0UPpw6Z5vaG7vQ1ADCYWV8d-FhIVuz8yct8qwrUPeKi95JHVV1qnL71gAnzwdhB4w3WeN87QuY9GHok9adT8Tv26n-3cwQB32WjAwBHRFUASYrPeQSgvQBJauNSVyZ4jaYJ0l2RVbYuNQYhJskjfq8wVcQTm4:1uURW8:fYcRI0RCNtqLvdgRMlSzfD-nnYW0aFSHo92qebrqFA4	2025-06-25 17:54:28.543677+02
is58yokz0x6ve2nvfgev7j7mbktyao9o	.eJxVjDsOwjAQBe_iGlleJ_5R0nMGa-1d4wBypDipEHeHSCmgfTPzXiLitta4dV7iROIswInT75gwP7jthO7YbrPMc1uXKcldkQft8joTPy-H-3dQsddvnShYkzyNLgcVNIBhYxLjqJRiBFcKeBiSsjpg0CU7rctgkSAjs0cS7w8Bwjha:1v6ylF:SrNohNRxQfQMnFeGncXyixr_1VxevHCAi66XvwQwyQo	2025-10-10 01:05:21.075823+02
gqibu6zkcfs4817osnot0e6nmi0cdyyh	.eJxVjDsOwjAQBe_iGlleJ_5R0nMGa-1d4wBypDipEHeHSCmgfTPzXiLitta4dV7iROIswInT75gwP7jthO7YbrPMc1uXKcldkQft8joTPy-H-3dQsddvnShYkzyNLgcVNIBhYxLjqJRiBFcKeBiSsjpg0CU7rctgkSAjs0cS7w8Bwjha:1v6zNg:3NZeEmY-ibAOozCVaVa6CUSAEs149e6ti5QekO8ThzQ	2025-10-10 01:45:04.130831+02
dl5yzgz5a43kp5364jgv69l5qq1dyp05	.eJxVjMsOgjAUBf-la9O0UPpw6Z5vaG7vQ1ADCYWV8d-FhIVuz8yct8qwrUPeKi95JHVV1qnL71gAnzwdhB4w3WeN87QuY9GHok9adT8Tv26n-3cwQB32WjAwBHRFUASYrPeQSgvQBJauNSVyZ4jaYJ0l2RVbYuNQYhJskjfq8wVcQTm4:1uUS98:ifpor_Buvp7HsC7qYswjFSIwCFX3KidLGAMwMPyo38g	2025-06-25 18:34:46.018327+02
3mdkumv5lbaqpggdbyt85mxx19v467pn	.eJxVjDsOwjAQBe_iGlleJ_5R0nMGa-1d4wBypDipEHeHSCmgfTPzXiLitta4dV7iROIswInT75gwP7jthO7YbrPMc1uXKcldkQft8joTPy-H-3dQsddvnShYkzyNLgcVNIBhYxLjqJRiBFcKeBiSsjpg0CU7rctgkSAjs0cS7w8Bwjha:1v6zPF:tVBAEdGx4ltVj47cDHJGR4WnOhso1oZ8A1J9k8kZTvk	2025-10-10 01:46:41.696893+02
\.


--
-- Data for Name: equipment_activite; Type: TABLE DATA; Schema: public; Owner: postgres
--

COPY public.equipment_activite (id, description, date, utilisateur_id) FROM stdin;
1	Panne signalée sur l’équipement : yyyy	2025-05-30 02:44:04.568036+02	17
2	Utilisateur ayaghimouze@gmail.com modifié par admin.	2025-05-30 02:56:12.954457+02	17
3	Utilisateur boutheinameriche@gmail.com modifié par admin.	2025-05-30 15:33:31.153514+02	17
4	Utilisateur boutheinameriche@gmail.com modifié par admin.	2025-05-30 16:18:33.842518+02	17
5	Utilisateur ayaghimouze2022@gmail.com modifié par admin.	2025-06-04 00:07:16.356054+02	17
6	Ajout d’un nouvel équipement : Générateur Diesel GD-5000	2025-06-14 00:41:53.235568+02	14
7	Ajout d’une nouvelle maintenance pour l’équipement : Générateur Diesel GD-5000	2025-06-14 18:34:57.632139+02	17
8	Utilisateur linab5240@gmail.com ajouté par admin.	2025-06-17 16:09:50.294968+02	17
9	Ajout d’une nouvelle maintenance pour l’équipement : Compresseur A1	2025-06-18 21:23:02.26008+02	17
10	Utilisateur yassminemss123@gmail.com ajouté par admin.	2025-06-19 22:52:15.608904+02	17
11	Utilisateur yassminemss123@gmail.com supprimé par admin.	2025-06-21 01:22:15.890302+02	17
12	Utilisateur yassminemss123@gmail.com ajouté par admin.	2025-06-21 01:23:01.29525+02	17
13	Ajout d’une nouvelle maintenance pour l’équipement : Compresseur A1	2025-06-22 00:54:36.15996+02	17
14	Ajout d’une nouvelle maintenance pour l’équipement : Générateur Diesel GD-5000	2025-06-22 01:32:57.511215+02	17
15	Ajout d’une nouvelle maintenance pour l’équipement : Compresseur A1	2025-06-22 03:27:09.253895+02	17
16	Ajout d’une nouvelle maintenance pour l’équipement : Générateur Diesel GD-5000	2025-06-22 03:28:20.554996+02	17
17	Ajout d’une nouvelle maintenance pour l’équipement : Générateur Diesel GD-5000	2025-06-22 18:06:09.286514+02	17
18	Ajout d’une nouvelle maintenance pour l’équipement : Compresseur A1	2025-06-24 00:36:58.207662+02	17
19	Ajout d’une nouvelle maintenance pour l’équipement : Pompe hydraulique	2025-06-24 21:29:50.509607+02	17
20	Ajout d’une nouvelle maintenance pour l’équipement : Pompe hydraulique	2025-06-24 21:30:02.700238+02	17
21	Ajout d’une maintenance pour l’équipement : hhhhhhhh	2025-06-24 21:35:46.381094+02	17
22	Ajout d’une maintenance pour l’équipement : yyyy	2025-06-24 21:39:23.238925+02	17
23	Ajout d’une maintenance pour l’équipement : yyyy	2025-06-24 21:39:35.040577+02	17
24	Ajout d’une maintenance pour l’équipement : hhhhhhhh	2025-06-24 21:39:53.657562+02	17
25	Ajout d’une maintenance pour l’équipement : hhhhhhhh	2025-06-24 21:41:55.991597+02	17
26	Ajout d’une maintenance pour l’équipement : hhhhhhhh	2025-06-24 21:44:58.938842+02	17
27	Ajout d’une maintenance pour l’équipement : hhhhhhhh	2025-06-24 21:59:23.056587+02	17
28	Ajout d’une maintenance pour l’équipement : Générateur Diesel GD-5000	2025-06-24 22:23:53.392927+02	17
29	Ajout d’une maintenance pour l’équipement : PAYPER ASSAC	2025-06-24 22:27:27.084164+02	17
30	Ajout d’une maintenance pour l’équipement : Compresseur A1	2025-06-24 22:31:38.949574+02	17
31	Ajout d’une maintenance pour l’équipement : Pompe hydraulique	2025-06-24 22:39:15.43693+02	17
32	Ajout d’une maintenance pour l’équipement : yyyy	2025-06-24 22:52:27.281442+02	17
33	Utilisateur Ighimouze@gmail.com ajouté par admin.	2025-06-25 16:22:34.628722+02	17
34	Utilisateur demo@gmail.com ajouté par admin.	2025-11-07 16:38:38.076983+01	17
\.


--
-- Data for Name: equipment_adminprofile; Type: TABLE DATA; Schema: public; Owner: postgres
--

COPY public.equipment_adminprofile (id, department, phone_number, created_at, user_id) FROM stdin;
\.


--
-- Data for Name: equipment_customuser; Type: TABLE DATA; Schema: public; Owner: postgres
--

COPY public.equipment_customuser (id, password, last_login, is_superuser, email, is_active, is_staff, date_joined, first_name, last_name, must_change_password, role, plain_password) FROM stdin;
11	pbkdf2_sha256$870000$C1i9FTOZhstrYuxLTtcT68$XyLJdIRy+qQhGNTIUIOO9+xL9fK2d7B2VJSLvfG5ihk=	2025-05-30 15:36:31.377725+02	f	yassergm123@gmail.com	t	f	2025-05-24 20:21:24.260496+02	yasser	gm	f	admin	aya2004
19	pbkdf2_sha256$870000$wGxnryA0kToCCbhLtqLANV$WhGgSpykbIldps/W0RprTzLcUlhKgvMWissJYMqMoIQ=	2025-05-30 16:19:15.694987+02	f	boutheinameriche@gmail.com	t	f	2025-05-30 15:32:09.219807+02	bouti	mer	f	user	aya2004
18	pbkdf2_sha256$870000$rUP3intjKz4S2H8nSxDHgy$sVCqt2s5rkN8AkOMWoJ/Eao7eLpySDuCz29CyRjCjVk=	2025-06-02 19:35:30.100015+02	f	boutheinameriche55@gmail.com	t	f	2025-05-30 02:11:51.607924+02	meriche	boutheina	f	admin	aya2004
10	pbkdf2_sha256$870000$eeIULwfCQ4CeD7FQGG24BJ$3h+8wvlEJkQngegpEy5FPPFJrBXOyQUJTrmW/c9HDRY=	\N	f	ayaghimouze@gmail.com	t	f	2025-05-23 14:02:07.622302+02	gmz	ayouch	t	admin	aya2004
26	pbkdf2_sha256$870000$uCOJHKoShBpp9gUYBGXvG5$rSTSjMOYBlWZDNtqag3/zEPG8B6f3AhPIddFls+iMmc=	\N	t	demo@example.com	t	t	2025-11-07 16:55:59.997234+01	User	Demo	t	admin	\N
14	pbkdf2_sha256$870000$VWH31a42THBBT58sIMVQXf$fFPTzxR4NamjmZV9SRn78Mw46kFBKWovFlLGGn9duRs=	2025-11-07 18:36:40.72333+01	t	ayaghimouze2022@gmail.com	t	t	2025-05-28 23:16:17.205776+02	gmz	aya	f	user	aya2004
22	pbkdf2_sha256$870000$sANwwlgGTYnghSy8dXWDZK$KlJoYOuiBzG6xdXAJbzs9RN8gHcvzn46elf0FsarxNY=	\N	f	boutheinamer@gmail.com	t	f	2025-06-19 23:49:28+02	mss	yassmine	t	technician	\N
27	pbkdf2_sha256$870000$tL0yeHYbN0Gpri7NScNlSQ$ouaqZA99CqiPmKrZ4iQo42n6HYl3XMcCXHFk35SRkIs=	2025-11-07 21:56:34.130138+01	f	demo2022@gmail.com	t	f	2025-11-07 20:26:55.923544+01			t	admin	\N
23	pbkdf2_sha256$870000$UX7hsHkeRl4CAqsjmXNUY4$b/PEl5qLZJTfr4AOMY5IUdGWfcb1PaYaLcHBUKTYZS8=	2025-06-22 18:01:15.402023+02	f	yassminemss123@gmail.com	t	f	2025-06-21 01:23:00.208399+02	rebbani	meriem	f	technician	hhhhh12345
24	pbkdf2_sha256$870000$BIKnyEJm9dmWaNx6ktTiG8$FWdP91qbL175piLE5zQkyuwrUPBzw/wrDP5GT+d72Ow=	\N	f	Ighimouze@gmail.com	t	f	2025-06-25 16:22:32.743348+02	Ghimouze	Imad	t	admin	imad1968
17	pbkdf2_sha256$870000$wSMJSqCk1YgsBZrHtA7vbf$T8iE2SUzfmcZxvPz2d4I0aKBOcAQ1HNP76rXpfUr83E=	2025-11-08 00:00:28.661843+01	t	ayaghmz@gmail.com	t	t	2025-05-29 18:40:27+02	aya	aya	f	admin	\N
20	pbkdf2_sha256$870000$D8jatTXudrMCuMp7UYuV2A$viiDY6cEhCFqFKWoc+SGyDf3QoBK8oRlhws85Bf5B14=	2025-06-17 16:11:07.173329+02	f	linab5240@gmail.com	t	f	2025-06-17 16:09:47.276766+02	rebbani	meriem	f	admin	aya2004
16	pbkdf2_sha256$870000$rtfrs1bzwLLb5YneNbLdKP$3lkmYobzfeIrgAHNn5M3vZrgHQWoWIydhn49QuvY/OQ=	2025-06-17 20:21:05.045486+02	f	ayaghimouze594@gmail.com	t	t	2025-05-29 18:35:42.689262+02	aya	ghimouze	t	admin	\N
25	pbkdf2_sha256$870000$w20sWjA9VBjkSRFX8aS8vS$WpaOEovxMl3uxRYwzuaInIT00GTABatfA3+cnabuO68=	\N	f	demo@gmail.com	t	f	2025-11-07 16:38:37.25955+01	demo	demo	t	admin	aya2004
\.


--
-- Data for Name: equipment_customuser_groups; Type: TABLE DATA; Schema: public; Owner: postgres
--

COPY public.equipment_customuser_groups (id, customuser_id, group_id) FROM stdin;
\.


--
-- Data for Name: equipment_customuser_user_permissions; Type: TABLE DATA; Schema: public; Owner: postgres
--

COPY public.equipment_customuser_user_permissions (id, customuser_id, permission_id) FROM stdin;
\.


--
-- Data for Name: equipment_demande; Type: TABLE DATA; Schema: public; Owner: postgres
--

COPY public.equipment_demande (id, titre, description, date_creation, statut) FROM stdin;
\.


--
-- Data for Name: equipment_equipementstatistiques; Type: TABLE DATA; Schema: public; Owner: postgres
--

COPY public.equipment_equipementstatistiques (id, total, en_panne, en_maintenance) FROM stdin;
\.


--
-- Data for Name: equipment_equipment; Type: TABLE DATA; Schema: public; Owner: postgres
--

COPY public.equipment_equipment (id, name, type, serial_number, purchase_date, purchase_cost, lifetime_years, usage_hours, state, location, equipment_code, installation_date, last_maintenance_date, photo) FROM stdin;
5	yjyutykty	uuuk	4567890-	2025-05-01	50000.00	40	8	En fonctionnement	usine	354567	2025-05-24	2025-05-24	equipment_photos/494814083_1380997443139050_1696532247493901602_n_Q4rBsEG.jpg
6	hhhhhhhh	jkin	9087	2025-05-23	800000.00	30	7	En Panne	bureau	n00-i98	2025-05-30	2025-05-30	equipment_photos/Capture_décran_2025-05-06_171526.png
10	Générateur Diesel GD-5000	Électrique	GEN-5000-DZ-789	2019-09-10	38500.00	15	8200	En fonctionnement	Zone Technique B	EQP-GEN-0789	2020-10-05	2025-05-28	equipment_photos/unnamed_FuS3Q1f.jpg
4	Compresseur A1	Compresseur	6266734	2025-05-01	3000000.00	40	8	En Panne	jdhssnxi	235787	2025-05-23	2025-05-23	equipment_photos/494814083_1380997443139050_1696532247493901602_n.jpg
2	Pompe hydraulique	Pompe	37489	2025-04-28	900000.00	30	8	En fonctionnement	usine	34354	2025-05-05	2025-05-05	equipment_photos/quelles-sont-les-parties-dune-pompe-hydraulique-_vignette.webp
3	PAYPER ASSAC	payper assac	HMI-600	2025-04-30	40000000.00	40	10	En Panne	usine ensachage	2345678	2025-05-18	2025-05-18	equipment_photos/Capture_décran_2025-05-06_171336.png
7	yyyy	kkkllk	kklklm	2025-05-23	900000.00	80	9	En Panne	jkkjk	5678	2025-05-30	2025-05-30	
1	PAYPER	payper assac	6042251	2025-04-27	90000000.00	40	10	En Panne	usine ensachage	676580	2025-05-05	2025-05-05	equipment_photos/images_1.jfif
\.


--
-- Data for Name: equipment_maintenance; Type: TABLE DATA; Schema: public; Owner: postgres
--

COPY public.equipment_maintenance (id, type, status, cost, machine_id, technicien_id, date_debut, date_fin, lieu_correction, photo_piece, rapport) FROM stdin;
11	Préventive	terminee	8000.00	3	17	2025-04-07	2025-04-29	nkjkn	maintenance_photos/images.jfif	hjnjn
30	Préventive	terminee	90000.00	4	16	2025-05-30	2025-05-30	,,,	maintenance_photos/ce34dd7d-7bc4-4882-b940-ba0ce66751ca.jfif	,,,ll,kmkm
25	Préventive	planifiee	80000.00	2	14	2025-06-10	2025-05-27	hhh	maintenance_photos/Capture_décran_2025-05-06_173358_AWhMPSM.png	,;;;;;;;;gyy
37	Préventive	en_cours	900000.00	4	22	2025-05-26	2025-05-31	.	maintenance_photos/android-chrome-512x512.png	.
38	Préventive	terminee	23000000.00	10	23	2025-03-12	2025-04-05	.	maintenance_photos/android-chrome-512x512_PFIA7y3.png	.
42	Préventive	terminee	2900000.00	4	22	2025-06-18	2025-06-24	.		.
43	Préventive	terminee	33400000.00	2	22	2025-06-23	2025-06-24	.	maintenance_photos/android-chrome-192x192.png	.
44	Préventive	terminee	33400000.00	2	23	2025-06-23	2025-06-24	.	maintenance_photos/android-chrome-192x192_cXneAfq.png	.
45	Préventive	planifiee	445500.00	6	22	2025-06-23	2025-06-24	.		.
46	Préventive	terminee	4455665.00	7	22	\N	\N	.		.
47	Préventive	terminee	4455665.00	7	22	2025-06-23	2025-06-24	.		.
48	Préventive	terminee	4000.00	6	22	2025-06-23	2025-06-24	.		.
49	Préventive	planifiee	320000.00	6	22	2025-06-23	2025-06-24	.		.
50	Préventive	planifiee	57600.00	6	22	2025-06-23	2025-06-24	\N		
51	Préventive	planifiee	32300.00	6	22	2025-06-23	2025-06-24	\N		
52	Préventive	terminee	656.00	10	22	2025-06-24	2025-06-24	\N		
53	Préventive	terminee	656.00	10	22	2025-06-24	2025-06-24	.		.
54	Préventive	terminee	656.00	10	22	2025-06-24	2025-06-24	.		.
55	Préventive	terminee	66554.00	3	22	2025-06-23	2025-06-24	\N		
56	Préventive	planifiee	3900.00	4	22	2025-06-23	2025-06-24	\N		
57	Préventive	terminee	3489.00	2	22	2025-06-23	2025-06-24	\N		
58	Corrective	terminee	4884.00	7	22	2025-06-17	2025-06-17	\N		
\.


--
-- Data for Name: equipment_notification; Type: TABLE DATA; Schema: public; Owner: postgres
--

COPY public.equipment_notification (id, message, type, created_at, recipient_user_id, recipient_group_id, is_read) FROM stdin;
17	hhhhh	info	2025-06-11 18:28:23.320258+02	\N	\N	f
18	hhh	info	2025-06-11 18:28:36.296253+02	\N	\N	f
24	hhhhhhhhh	info	2025-06-11 19:58:39.789333+02	\N	\N	f
25	yyyyyyyyyyyyyyyyyyyyyyyyyyyyyyyyyyyyyyyyyyyyyyyyyyyy	info	2025-06-11 22:16:49.203944+02	\N	\N	f
26	nnnnn	info	2025-06-11 22:18:16.320151+02	\N	\N	f
27	....	info	2025-06-11 22:25:30.280982+02	\N	\N	f
28	jjjjjjjjj	alerte	2025-06-11 22:28:14.944514+02	\N	\N	f
29	hhhhhhhh	info	2025-06-11 22:49:56.376872+02	\N	\N	f
30	nnnnnnnnn	info	2025-06-11 22:51:12.135243+02	\N	\N	f
31	nnnnnnnnnnnnnnnnnnnnnn	info	2025-06-11 23:02:06.3465+02	\N	\N	f
32	hhhhhhhhhhh	info	2025-06-11 23:04:24.333967+02	\N	\N	f
33	hh	info	2025-06-11 23:04:47.139633+02	\N	\N	f
34	v	info	2025-06-11 23:07:32.152407+02	\N	\N	f
35	ت	info	2025-06-11 23:11:23.170865+02	\N	\N	f
36	غغ	info	2025-06-11 23:13:16.079978+02	\N	\N	f
43	mmmmmmmm	info	2025-06-13 19:28:01.66676+02	14	\N	t
45	ااااااااات	info	2025-06-13 19:34:40.116264+02	14	\N	t
46	hhhh	info	2025-06-13 19:35:29.413117+02	14	\N	t
50	L’équipement Générateur Diesel GD-5000 a terminé sa maintenance et est de nouveau en service.	info	2025-06-14 18:34:57.636657+02	11	\N	t
49	Nouvelle panne signalée sur l’équipement: yjyutykty	panne	2025-06-13 23:46:17.672958+02	\N	\N	t
48	Nouvelle panne signalée sur l’équipement: PAYPER ASSAC	panne	2025-06-13 23:44:11.854252+02	\N	\N	t
47	hh	info	2025-06-13 19:38:02.361072+02	\N	\N	t
44	شششش	info	2025-06-13 19:34:06.364726+02	\N	\N	t
38	t	info	2025-06-11 23:20:06.974867+02	\N	\N	t
37	n	info	2025-06-11 23:19:24.453827+02	\N	\N	t
59	.	info	2025-06-16 22:02:22.729409+02	\N	\N	t
62	Nouvelle panne signalée sur l’équipement: Compresseur A1	panne	2025-06-17 20:54:31.523015+02	\N	\N	t
63	L'équipement Générateur Diesel GD-5000 a terminé sa maintenance et est retourné en fonctionnement.	info	2025-06-22 01:32:57.497905+02	11	\N	f
64	L'équipement Générateur Diesel GD-5000 a terminé sa maintenance et est retourné en fonctionnement.	info	2025-06-22 01:32:57.503116+02	19	\N	f
65	L'équipement Générateur Diesel GD-5000 a terminé sa maintenance et est retourné en fonctionnement.	info	2025-06-22 01:32:57.503947+02	18	\N	f
66	L'équipement Générateur Diesel GD-5000 a terminé sa maintenance et est retourné en fonctionnement.	info	2025-06-22 01:32:57.504641+02	10	\N	f
67	L'équipement Générateur Diesel GD-5000 a terminé sa maintenance et est retourné en fonctionnement.	info	2025-06-22 01:32:57.505332+02	14	\N	f
68	L'équipement Générateur Diesel GD-5000 a terminé sa maintenance et est retourné en fonctionnement.	info	2025-06-22 01:32:57.506025+02	17	\N	f
69	L'équipement Générateur Diesel GD-5000 a terminé sa maintenance et est retourné en fonctionnement.	info	2025-06-22 01:32:57.506714+02	22	\N	f
70	L'équipement Générateur Diesel GD-5000 a terminé sa maintenance et est retourné en fonctionnement.	info	2025-06-22 01:32:57.507346+02	20	\N	f
71	L'équipement Générateur Diesel GD-5000 a terminé sa maintenance et est retourné en fonctionnement.	info	2025-06-22 01:32:57.508746+02	16	\N	f
72	L'équipement Générateur Diesel GD-5000 a terminé sa maintenance et est retourné en fonctionnement.	info	2025-06-22 01:32:57.509441+02	23	\N	f
82	L’équipement Générateur Diesel GD-5000 a terminé sa maintenance et est de nouveau en service.	info	2025-06-22 01:32:57.521154+02	23	\N	t
81	L’équipement Générateur Diesel GD-5000 a terminé sa maintenance et est de nouveau en service.	info	2025-06-22 01:32:57.520495+02	16	\N	t
80	L’équipement Générateur Diesel GD-5000 a terminé sa maintenance et est de nouveau en service.	info	2025-06-22 01:32:57.519765+02	20	\N	t
79	L’équipement Générateur Diesel GD-5000 a terminé sa maintenance et est de nouveau en service.	info	2025-06-22 01:32:57.518866+02	22	\N	t
78	L’équipement Générateur Diesel GD-5000 a terminé sa maintenance et est de nouveau en service.	info	2025-06-22 01:32:57.517822+02	17	\N	t
77	L’équipement Générateur Diesel GD-5000 a terminé sa maintenance et est de nouveau en service.	info	2025-06-22 01:32:57.516639+02	14	\N	t
76	L’équipement Générateur Diesel GD-5000 a terminé sa maintenance et est de nouveau en service.	info	2025-06-22 01:32:57.515621+02	10	\N	t
75	L’équipement Générateur Diesel GD-5000 a terminé sa maintenance et est de nouveau en service.	info	2025-06-22 01:32:57.51497+02	18	\N	t
74	L’équipement Générateur Diesel GD-5000 a terminé sa maintenance et est de nouveau en service.	info	2025-06-22 01:32:57.514323+02	19	\N	t
73	L’équipement Générateur Diesel GD-5000 a terminé sa maintenance et est de nouveau en service.	info	2025-06-22 01:32:57.513608+02	11	\N	t
83	L'équipement Compresseur A1 a terminé sa maintenance et est retourné en fonctionnement.	info	2025-06-22 03:27:09.244386+02	11	\N	f
84	L'équipement Compresseur A1 a terminé sa maintenance et est retourné en fonctionnement.	info	2025-06-22 03:27:09.246559+02	19	\N	f
85	L'équipement Compresseur A1 a terminé sa maintenance et est retourné en fonctionnement.	info	2025-06-22 03:27:09.24739+02	18	\N	f
86	L'équipement Compresseur A1 a terminé sa maintenance et est retourné en fonctionnement.	info	2025-06-22 03:27:09.248109+02	10	\N	f
87	L'équipement Compresseur A1 a terminé sa maintenance et est retourné en fonctionnement.	info	2025-06-22 03:27:09.24881+02	14	\N	f
88	L'équipement Compresseur A1 a terminé sa maintenance et est retourné en fonctionnement.	info	2025-06-22 03:27:09.249516+02	17	\N	f
89	L'équipement Compresseur A1 a terminé sa maintenance et est retourné en fonctionnement.	info	2025-06-22 03:27:09.250213+02	22	\N	f
90	L'équipement Compresseur A1 a terminé sa maintenance et est retourné en fonctionnement.	info	2025-06-22 03:27:09.250807+02	20	\N	f
91	L'équipement Compresseur A1 a terminé sa maintenance et est retourné en fonctionnement.	info	2025-06-22 03:27:09.251491+02	16	\N	f
92	L'équipement Compresseur A1 a terminé sa maintenance et est retourné en fonctionnement.	info	2025-06-22 03:27:09.252145+02	23	\N	f
93	L’équipement Compresseur A1 a terminé sa maintenance et est de nouveau en service.	info	2025-06-22 03:27:09.256293+02	11	\N	f
94	L’équipement Compresseur A1 a terminé sa maintenance et est de nouveau en service.	info	2025-06-22 03:27:09.256976+02	19	\N	f
95	L’équipement Compresseur A1 a terminé sa maintenance et est de nouveau en service.	info	2025-06-22 03:27:09.257763+02	18	\N	f
96	L’équipement Compresseur A1 a terminé sa maintenance et est de nouveau en service.	info	2025-06-22 03:27:09.25844+02	10	\N	f
102	L’équipement Compresseur A1 a terminé sa maintenance et est de nouveau en service.	info	2025-06-22 03:27:09.262471+02	23	\N	t
101	L’équipement Compresseur A1 a terminé sa maintenance et est de nouveau en service.	info	2025-06-22 03:27:09.261714+02	16	\N	t
100	L’équipement Compresseur A1 a terminé sa maintenance et est de nouveau en service.	info	2025-06-22 03:27:09.261062+02	20	\N	t
99	L’équipement Compresseur A1 a terminé sa maintenance et est de nouveau en service.	info	2025-06-22 03:27:09.26036+02	22	\N	t
98	L’équipement Compresseur A1 a terminé sa maintenance et est de nouveau en service.	info	2025-06-22 03:27:09.259733+02	17	\N	t
97	L’équipement Compresseur A1 a terminé sa maintenance et est de nouveau en service.	info	2025-06-22 03:27:09.259074+02	14	\N	t
103	L'équipement Générateur Diesel GD-5000 a terminé sa maintenance et est retourné en fonctionnement.	info	2025-06-22 03:28:59.940285+02	11	\N	f
104	L'équipement Générateur Diesel GD-5000 a terminé sa maintenance et est retourné en fonctionnement.	info	2025-06-22 03:28:59.942383+02	19	\N	f
105	L'équipement Générateur Diesel GD-5000 a terminé sa maintenance et est retourné en fonctionnement.	info	2025-06-22 03:28:59.943081+02	18	\N	f
106	L'équipement Générateur Diesel GD-5000 a terminé sa maintenance et est retourné en fonctionnement.	info	2025-06-22 03:28:59.943784+02	10	\N	f
107	L'équipement Générateur Diesel GD-5000 a terminé sa maintenance et est retourné en fonctionnement.	info	2025-06-22 03:28:59.944471+02	14	\N	f
108	L'équipement Générateur Diesel GD-5000 a terminé sa maintenance et est retourné en fonctionnement.	info	2025-06-22 03:28:59.945136+02	17	\N	f
109	L'équipement Générateur Diesel GD-5000 a terminé sa maintenance et est retourné en fonctionnement.	info	2025-06-22 03:28:59.945807+02	22	\N	f
110	L'équipement Générateur Diesel GD-5000 a terminé sa maintenance et est retourné en fonctionnement.	info	2025-06-22 03:28:59.946467+02	20	\N	t
112	L'équipement Générateur Diesel GD-5000 a terminé sa maintenance et est retourné en fonctionnement.	info	2025-06-22 03:28:59.948126+02	23	\N	t
111	L'équipement Générateur Diesel GD-5000 a terminé sa maintenance et est retourné en fonctionnement.	info	2025-06-22 03:28:59.947104+02	16	\N	t
122	L'équipement Pompe hydraulique a terminé sa maintenance et est retourné en fonctionnement.	info	2025-06-22 03:31:23.187261+02	23	\N	t
121	L'équipement Pompe hydraulique a terminé sa maintenance et est retourné en fonctionnement.	info	2025-06-22 03:31:23.186646+02	16	\N	t
120	L'équipement Pompe hydraulique a terminé sa maintenance et est retourné en fonctionnement.	info	2025-06-22 03:31:23.186002+02	20	\N	t
119	L'équipement Pompe hydraulique a terminé sa maintenance et est retourné en fonctionnement.	info	2025-06-22 03:31:23.185384+02	22	\N	t
118	L'équipement Pompe hydraulique a terminé sa maintenance et est retourné en fonctionnement.	info	2025-06-22 03:31:23.184707+02	17	\N	t
117	L'équipement Pompe hydraulique a terminé sa maintenance et est retourné en fonctionnement.	info	2025-06-22 03:31:23.18399+02	14	\N	t
116	L'équipement Pompe hydraulique a terminé sa maintenance et est retourné en fonctionnement.	info	2025-06-22 03:31:23.183243+02	10	\N	t
115	L'équipement Pompe hydraulique a terminé sa maintenance et est retourné en fonctionnement.	info	2025-06-22 03:31:23.18221+02	18	\N	t
114	L'équipement Pompe hydraulique a terminé sa maintenance et est retourné en fonctionnement.	info	2025-06-22 03:31:23.181081+02	19	\N	t
113	L'équipement Pompe hydraulique a terminé sa maintenance et est retourné en fonctionnement.	info	2025-06-22 03:31:23.17895+02	11	\N	t
131	🚨 Nouvelle panne signalée sur l’équipement : yyyy	alerte	2025-06-23 00:45:37.822402+02	14	\N	t
130	🚨 Nouvelle panne signalée sur l’équipement : yyyy	alerte	2025-06-23 00:45:37.821542+02	17	\N	t
129	🚨 Nouvelle panne signalée sur l’équipement : yyyy	alerte	2025-06-23 00:45:37.820654+02	16	\N	t
128	🚨 Nouvelle panne signalée sur l’équipement : yyyy	alerte	2025-06-23 00:45:37.819738+02	23	\N	t
127	🚨 Nouvelle panne signalée sur l’équipement : yyyy	alerte	2025-06-23 00:45:37.818831+02	22	\N	t
126	🚨 Nouvelle panne signalée sur l’équipement : yyyy	alerte	2025-06-23 00:45:37.817774+02	10	\N	t
125	🚨 Nouvelle panne signalée sur l’équipement : yyyy	alerte	2025-06-23 00:45:37.81632+02	18	\N	t
124	🚨 Nouvelle panne signalée sur l’équipement : yyyy	alerte	2025-06-23 00:45:37.814758+02	19	\N	t
123	🚨 Nouvelle panne signalée sur l’équipement : yyyy	alerte	2025-06-23 00:45:37.811506+02	11	\N	t
132	🚨 Nouvelle panne signalée sur l’équipement : PAYPER ASSAC	alerte	2025-06-23 22:09:23.636614+02	11	\N	f
133	🚨 Nouvelle panne signalée sur l’équipement : PAYPER ASSAC	alerte	2025-06-23 22:09:23.645758+02	19	\N	f
134	🚨 Nouvelle panne signalée sur l’équipement : PAYPER ASSAC	alerte	2025-06-23 22:09:23.647146+02	18	\N	f
135	🚨 Nouvelle panne signalée sur l’équipement : PAYPER ASSAC	alerte	2025-06-23 22:09:23.648581+02	10	\N	f
136	🚨 Nouvelle panne signalée sur l’équipement : PAYPER ASSAC	alerte	2025-06-23 22:09:23.650453+02	22	\N	f
137	🚨 Nouvelle panne signalée sur l’équipement : PAYPER ASSAC	alerte	2025-06-23 22:09:23.652596+02	23	\N	f
138	🚨 Nouvelle panne signalée sur l’équipement : PAYPER ASSAC	alerte	2025-06-23 22:09:23.654339+02	20	\N	f
139	🚨 Nouvelle panne signalée sur l’équipement : PAYPER ASSAC	alerte	2025-06-23 22:09:23.655652+02	16	\N	f
140	🚨 Nouvelle panne signalée sur l’équipement : PAYPER ASSAC	alerte	2025-06-23 22:09:23.65708+02	14	\N	f
141	Nouvelle panne signalée sur l’équipement: PAYPER ASSAC	panne	2025-06-23 22:09:23.658546+02	\N	\N	f
142	🚨 Nouvelle panne signalée sur l’équipement : Générateur Diesel GD-5000	alerte	2025-06-23 22:16:39.87282+02	11	\N	f
143	🚨 Nouvelle panne signalée sur l’équipement : Générateur Diesel GD-5000	alerte	2025-06-23 22:16:39.874811+02	19	\N	f
144	🚨 Nouvelle panne signalée sur l’équipement : Générateur Diesel GD-5000	alerte	2025-06-23 22:16:39.876977+02	18	\N	f
145	🚨 Nouvelle panne signalée sur l’équipement : Générateur Diesel GD-5000	alerte	2025-06-23 22:16:39.878053+02	10	\N	f
146	🚨 Nouvelle panne signalée sur l’équipement : Générateur Diesel GD-5000	alerte	2025-06-23 22:16:39.87973+02	22	\N	f
147	🚨 Nouvelle panne signalée sur l’équipement : Générateur Diesel GD-5000	alerte	2025-06-23 22:16:39.880887+02	23	\N	f
148	🚨 Nouvelle panne signalée sur l’équipement : Générateur Diesel GD-5000	alerte	2025-06-23 22:16:39.881809+02	20	\N	f
149	🚨 Nouvelle panne signalée sur l’équipement : Générateur Diesel GD-5000	alerte	2025-06-23 22:16:39.882769+02	16	\N	f
150	🚨 Nouvelle panne signalée sur l’équipement : Générateur Diesel GD-5000	alerte	2025-06-23 22:16:39.883595+02	14	\N	f
151	Nouvelle panne signalée sur l’équipement: Générateur Diesel GD-5000	panne	2025-06-23 22:16:39.884545+02	\N	\N	f
152	🚨 Nouvelle panne signalée sur l’équipement : Pompe hydraulique	alerte	2025-06-23 22:17:02.166961+02	11	\N	f
153	🚨 Nouvelle panne signalée sur l’équipement : Pompe hydraulique	alerte	2025-06-23 22:17:02.169745+02	19	\N	f
154	🚨 Nouvelle panne signalée sur l’équipement : Pompe hydraulique	alerte	2025-06-23 22:17:02.170932+02	18	\N	f
155	🚨 Nouvelle panne signalée sur l’équipement : Pompe hydraulique	alerte	2025-06-23 22:17:02.172073+02	10	\N	f
156	🚨 Nouvelle panne signalée sur l’équipement : Pompe hydraulique	alerte	2025-06-23 22:17:02.173195+02	22	\N	f
157	🚨 Nouvelle panne signalée sur l’équipement : Pompe hydraulique	alerte	2025-06-23 22:17:02.174312+02	23	\N	f
158	🚨 Nouvelle panne signalée sur l’équipement : Pompe hydraulique	alerte	2025-06-23 22:17:02.17547+02	20	\N	f
159	🚨 Nouvelle panne signalée sur l’équipement : Pompe hydraulique	alerte	2025-06-23 22:17:02.176614+02	16	\N	f
160	🚨 Nouvelle panne signalée sur l’équipement : Pompe hydraulique	alerte	2025-06-23 22:17:02.177639+02	14	\N	f
161	Nouvelle panne signalée sur l’équipement: Pompe hydraulique	panne	2025-06-23 22:17:02.178764+02	\N	\N	f
162	🚨 Nouvelle panne signalée sur l’équipement : hhhhhhhh	alerte	2025-06-23 22:19:54.079428+02	11	\N	f
163	🚨 Nouvelle panne signalée sur l’équipement : hhhhhhhh	alerte	2025-06-23 22:19:54.082395+02	19	\N	f
164	🚨 Nouvelle panne signalée sur l’équipement : hhhhhhhh	alerte	2025-06-23 22:19:54.084237+02	18	\N	f
166	🚨 Nouvelle panne signalée sur l’équipement : hhhhhhhh	alerte	2025-06-23 22:19:54.085216+02	10	\N	f
165	🚨 Nouvelle panne signalée sur l’équipement : hhhhhhhh	alerte	2025-06-23 22:19:54.084838+02	11	\N	f
167	🚨 Nouvelle panne signalée sur l’équipement : hhhhhhhh	alerte	2025-06-23 22:19:54.086093+02	22	\N	f
168	🚨 Nouvelle panne signalée sur l’équipement : hhhhhhhh	alerte	2025-06-23 22:19:54.086938+02	19	\N	f
169	🚨 Nouvelle panne signalée sur l’équipement : hhhhhhhh	alerte	2025-06-23 22:19:54.087284+02	23	\N	f
170	🚨 Nouvelle panne signalée sur l’équipement : hhhhhhhh	alerte	2025-06-23 22:19:54.087772+02	18	\N	f
171	🚨 Nouvelle panne signalée sur l’équipement : hhhhhhhh	alerte	2025-06-23 22:19:54.088113+02	20	\N	f
172	🚨 Nouvelle panne signalée sur l’équipement : hhhhhhhh	alerte	2025-06-23 22:19:54.088533+02	10	\N	f
173	🚨 Nouvelle panne signalée sur l’équipement : hhhhhhhh	alerte	2025-06-23 22:19:54.088858+02	16	\N	f
174	🚨 Nouvelle panne signalée sur l’équipement : hhhhhhhh	alerte	2025-06-23 22:19:54.089355+02	22	\N	f
175	🚨 Nouvelle panne signalée sur l’équipement : hhhhhhhh	alerte	2025-06-23 22:19:54.089673+02	14	\N	f
176	🚨 Nouvelle panne signalée sur l’équipement : hhhhhhhh	alerte	2025-06-23 22:19:54.09017+02	23	\N	f
177	Nouvelle panne signalée sur l’équipement: hhhhhhhh	panne	2025-06-23 22:19:54.09051+02	\N	\N	f
178	🚨 Nouvelle panne signalée sur l’équipement : hhhhhhhh	alerte	2025-06-23 22:19:54.091003+02	20	\N	f
179	🚨 Nouvelle panne signalée sur l’équipement : hhhhhhhh	alerte	2025-06-23 22:19:54.091967+02	16	\N	f
180	🚨 Nouvelle panne signalée sur l’équipement : hhhhhhhh	alerte	2025-06-23 22:19:54.092944+02	14	\N	f
181	Nouvelle panne signalée sur l’équipement: hhhhhhhh	panne	2025-06-23 22:19:54.094289+02	\N	\N	f
182	🚨 Nouvelle panne signalée sur l’équipement : hhhhhhhh	alerte	2025-06-23 22:20:15.373158+02	11	\N	f
183	🚨 Nouvelle panne signalée sur l’équipement : hhhhhhhh	alerte	2025-06-23 22:20:15.376174+02	19	\N	f
184	🚨 Nouvelle panne signalée sur l’équipement : hhhhhhhh	alerte	2025-06-23 22:20:15.37702+02	18	\N	f
186	🚨 Nouvelle panne signalée sur l’équipement : hhhhhhhh	alerte	2025-06-23 22:20:15.377793+02	10	\N	f
185	🚨 Nouvelle panne signalée sur l’équipement : hhhhhhhh	alerte	2025-06-23 22:20:15.377478+02	11	\N	f
187	🚨 Nouvelle panne signalée sur l’équipement : hhhhhhhh	alerte	2025-06-23 22:20:15.378768+02	22	\N	f
188	🚨 Nouvelle panne signalée sur l’équipement : hhhhhhhh	alerte	2025-06-23 22:20:15.379535+02	19	\N	f
189	🚨 Nouvelle panne signalée sur l’équipement : hhhhhhhh	alerte	2025-06-23 22:20:15.379891+02	23	\N	f
190	🚨 Nouvelle panne signalée sur l’équipement : hhhhhhhh	alerte	2025-06-23 22:20:15.380448+02	18	\N	f
191	🚨 Nouvelle panne signalée sur l’équipement : hhhhhhhh	alerte	2025-06-23 22:20:15.380792+02	20	\N	f
192	🚨 Nouvelle panne signalée sur l’équipement : hhhhhhhh	alerte	2025-06-23 22:20:15.38132+02	10	\N	f
193	🚨 Nouvelle panne signalée sur l’équipement : hhhhhhhh	alerte	2025-06-23 22:20:15.381618+02	16	\N	f
194	🚨 Nouvelle panne signalée sur l’équipement : hhhhhhhh	alerte	2025-06-23 22:20:15.382226+02	22	\N	f
195	🚨 Nouvelle panne signalée sur l’équipement : hhhhhhhh	alerte	2025-06-23 22:20:15.382564+02	14	\N	f
196	🚨 Nouvelle panne signalée sur l’équipement : hhhhhhhh	alerte	2025-06-23 22:20:15.383133+02	23	\N	f
197	Nouvelle panne signalée sur l’équipement: hhhhhhhh	panne	2025-06-23 22:20:15.383484+02	\N	\N	f
198	🚨 Nouvelle panne signalée sur l’équipement : hhhhhhhh	alerte	2025-06-23 22:20:15.384021+02	20	\N	f
199	🚨 Nouvelle panne signalée sur l’équipement : hhhhhhhh	alerte	2025-06-23 22:20:15.385491+02	16	\N	f
200	🚨 Nouvelle panne signalée sur l’équipement : hhhhhhhh	alerte	2025-06-23 22:20:15.386822+02	14	\N	f
201	Nouvelle panne signalée sur l’équipement: hhhhhhhh	panne	2025-06-23 22:20:15.388683+02	\N	\N	f
202	🚨 Nouvelle panne signalée sur l’équipement : Pompe hydraulique	alerte	2025-06-23 22:21:00.10507+02	11	\N	f
203	🚨 Nouvelle panne signalée sur l’équipement : Pompe hydraulique	alerte	2025-06-23 22:21:00.107635+02	19	\N	f
204	🚨 Nouvelle panne signalée sur l’équipement : Pompe hydraulique	alerte	2025-06-23 22:21:00.108526+02	18	\N	f
206	🚨 Nouvelle panne signalée sur l’équipement : Pompe hydraulique	alerte	2025-06-23 22:21:00.10955+02	10	\N	f
205	🚨 Nouvelle panne signalée sur l’équipement : Pompe hydraulique	alerte	2025-06-23 22:21:00.109043+02	11	\N	f
207	🚨 Nouvelle panne signalée sur l’équipement : Pompe hydraulique	alerte	2025-06-23 22:21:00.110398+02	22	\N	f
208	🚨 Nouvelle panne signalée sur l’équipement : Pompe hydraulique	alerte	2025-06-23 22:21:00.111014+02	19	\N	f
209	🚨 Nouvelle panne signalée sur l’équipement : Pompe hydraulique	alerte	2025-06-23 22:21:00.111395+02	23	\N	f
210	🚨 Nouvelle panne signalée sur l’équipement : Pompe hydraulique	alerte	2025-06-23 22:21:00.111894+02	18	\N	f
211	🚨 Nouvelle panne signalée sur l’équipement : Pompe hydraulique	alerte	2025-06-23 22:21:00.112204+02	20	\N	f
212	🚨 Nouvelle panne signalée sur l’équipement : Pompe hydraulique	alerte	2025-06-23 22:21:00.112722+02	10	\N	f
213	🚨 Nouvelle panne signalée sur l’équipement : Pompe hydraulique	alerte	2025-06-23 22:21:00.113068+02	16	\N	f
214	🚨 Nouvelle panne signalée sur l’équipement : Pompe hydraulique	alerte	2025-06-23 22:21:00.113705+02	22	\N	f
215	🚨 Nouvelle panne signalée sur l’équipement : Pompe hydraulique	alerte	2025-06-23 22:21:00.11402+02	14	\N	f
216	🚨 Nouvelle panne signalée sur l’équipement : Pompe hydraulique	alerte	2025-06-23 22:21:00.114575+02	23	\N	f
217	Nouvelle panne signalée sur l’équipement: Pompe hydraulique	panne	2025-06-23 22:21:00.114982+02	\N	\N	f
218	🚨 Nouvelle panne signalée sur l’équipement : Pompe hydraulique	alerte	2025-06-23 22:21:00.115396+02	20	\N	f
219	🚨 Nouvelle panne signalée sur l’équipement : Pompe hydraulique	alerte	2025-06-23 22:21:00.116501+02	16	\N	f
220	🚨 Nouvelle panne signalée sur l’équipement : Pompe hydraulique	alerte	2025-06-23 22:21:00.117761+02	14	\N	f
221	Nouvelle panne signalée sur l’équipement: Pompe hydraulique	panne	2025-06-23 22:21:00.118885+02	\N	\N	f
222	🚨 Nouvelle panne signalée sur l’équipement : PAYPER ASSAC	alerte	2025-06-23 22:22:11.024919+02	11	\N	f
223	🚨 Nouvelle panne signalée sur l’équipement : PAYPER ASSAC	alerte	2025-06-23 22:22:11.028554+02	19	\N	f
224	🚨 Nouvelle panne signalée sur l’équipement : PAYPER ASSAC	alerte	2025-06-23 22:22:11.030091+02	18	\N	f
225	🚨 Nouvelle panne signalée sur l’équipement : PAYPER ASSAC	alerte	2025-06-23 22:22:11.031664+02	10	\N	f
226	🚨 Nouvelle panne signalée sur l’équipement : PAYPER ASSAC	alerte	2025-06-23 22:22:11.032953+02	22	\N	f
227	🚨 Nouvelle panne signalée sur l’équipement : PAYPER ASSAC	alerte	2025-06-23 22:22:11.034215+02	23	\N	f
228	🚨 Nouvelle panne signalée sur l’équipement : PAYPER ASSAC	alerte	2025-06-23 22:22:11.035589+02	20	\N	f
229	🚨 Nouvelle panne signalée sur l’équipement : PAYPER ASSAC	alerte	2025-06-23 22:22:11.036865+02	16	\N	f
230	🚨 Nouvelle panne signalée sur l’équipement : PAYPER ASSAC	alerte	2025-06-23 22:22:11.038022+02	14	\N	f
231	Nouvelle panne signalée sur l’équipement: PAYPER ASSAC	panne	2025-06-23 22:22:11.039243+02	\N	\N	f
232	🚨 Nouvelle panne signalée sur l’équipement : Compresseur A1	alerte	2025-06-23 22:24:24.562154+02	11	\N	f
233	🚨 Nouvelle panne signalée sur l’équipement : Compresseur A1	alerte	2025-06-23 22:24:24.565339+02	19	\N	f
234	🚨 Nouvelle panne signalée sur l’équipement : Compresseur A1	alerte	2025-06-23 22:24:24.566658+02	18	\N	f
235	🚨 Nouvelle panne signalée sur l’équipement : Compresseur A1	alerte	2025-06-23 22:24:24.567928+02	10	\N	f
236	🚨 Nouvelle panne signalée sur l’équipement : Compresseur A1	alerte	2025-06-23 22:24:24.569144+02	22	\N	f
237	🚨 Nouvelle panne signalée sur l’équipement : Compresseur A1	alerte	2025-06-23 22:24:24.570578+02	23	\N	f
238	🚨 Nouvelle panne signalée sur l’équipement : Compresseur A1	alerte	2025-06-23 22:24:24.571904+02	20	\N	f
239	🚨 Nouvelle panne signalée sur l’équipement : Compresseur A1	alerte	2025-06-23 22:24:24.573136+02	16	\N	f
240	🚨 Nouvelle panne signalée sur l’équipement : Compresseur A1	alerte	2025-06-23 22:24:24.574342+02	14	\N	f
241	Nouvelle panne signalée sur l’équipement: Compresseur A1	panne	2025-06-23 22:24:24.575537+02	\N	\N	f
251	Nouvelle panne signalée sur l’équipement: yyyy	panne	2025-06-23 22:44:31.148452+02	\N	\N	t
250	🚨 Nouvelle panne signalée sur l’équipement : yyyy	alerte	2025-06-23 22:44:31.146688+02	14	\N	t
249	🚨 Nouvelle panne signalée sur l’équipement : yyyy	alerte	2025-06-23 22:44:31.14525+02	16	\N	t
248	🚨 Nouvelle panne signalée sur l’équipement : yyyy	alerte	2025-06-23 22:44:31.143833+02	20	\N	t
247	🚨 Nouvelle panne signalée sur l’équipement : yyyy	alerte	2025-06-23 22:44:31.142591+02	23	\N	t
246	🚨 Nouvelle panne signalée sur l’équipement : yyyy	alerte	2025-06-23 22:44:31.141611+02	22	\N	t
245	🚨 Nouvelle panne signalée sur l’équipement : yyyy	alerte	2025-06-23 22:44:31.140601+02	10	\N	t
244	🚨 Nouvelle panne signalée sur l’équipement : yyyy	alerte	2025-06-23 22:44:31.139272+02	18	\N	t
243	🚨 Nouvelle panne signalée sur l’équipement : yyyy	alerte	2025-06-23 22:44:31.137607+02	19	\N	t
242	🚨 Nouvelle panne signalée sur l’équipement : yyyy	alerte	2025-06-23 22:44:31.134659+02	11	\N	t
252	L'équipement Compresseur A1 a terminé sa maintenance et est retourné en fonctionnement.	info	2025-06-24 00:36:58.192064+02	11	\N	f
253	L'équipement Compresseur A1 a terminé sa maintenance et est retourné en fonctionnement.	info	2025-06-24 00:36:58.194943+02	19	\N	f
254	L'équipement Compresseur A1 a terminé sa maintenance et est retourné en fonctionnement.	info	2025-06-24 00:36:58.196101+02	18	\N	f
255	L'équipement Compresseur A1 a terminé sa maintenance et est retourné en fonctionnement.	info	2025-06-24 00:36:58.19723+02	10	\N	f
256	L'équipement Compresseur A1 a terminé sa maintenance et est retourné en fonctionnement.	info	2025-06-24 00:36:58.198319+02	14	\N	f
257	L'équipement Compresseur A1 a terminé sa maintenance et est retourné en fonctionnement.	info	2025-06-24 00:36:58.199746+02	17	\N	f
286	L'équipement Pompe hydraulique a terminé sa maintenance et est retourné en fonctionnement.	info	2025-06-24 21:30:02.691803+02	14	\N	t
267	L’équipement Compresseur A1 a terminé sa maintenance et est de nouveau en service.	info	2025-06-24 00:36:58.219897+02	17	\N	t
266	L’équipement Compresseur A1 a terminé sa maintenance et est de nouveau en service.	info	2025-06-24 00:36:58.218709+02	14	\N	t
265	L’équipement Compresseur A1 a terminé sa maintenance et est de nouveau en service.	info	2025-06-24 00:36:58.217502+02	10	\N	t
264	L’équipement Compresseur A1 a terminé sa maintenance et est de nouveau en service.	info	2025-06-24 00:36:58.216399+02	18	\N	t
263	L’équipement Compresseur A1 a terminé sa maintenance et est de nouveau en service.	info	2025-06-24 00:36:58.215301+02	19	\N	t
262	L’équipement Compresseur A1 a terminé sa maintenance et est de nouveau en service.	info	2025-06-24 00:36:58.214226+02	11	\N	t
261	L'équipement Compresseur A1 a terminé sa maintenance et est retourné en fonctionnement.	info	2025-06-24 00:36:58.204862+02	16	\N	t
260	L'équipement Compresseur A1 a terminé sa maintenance et est retourné en fonctionnement.	info	2025-06-24 00:36:58.203565+02	20	\N	t
259	L'équipement Compresseur A1 a terminé sa maintenance et est retourné en fonctionnement.	info	2025-06-24 00:36:58.202219+02	23	\N	t
258	L'équipement Compresseur A1 a terminé sa maintenance et est retourné en fonctionnement.	info	2025-06-24 00:36:58.200992+02	22	\N	t
272	L'équipement Pompe hydraulique a terminé sa maintenance et est retourné en fonctionnement.	info	2025-06-24 21:29:50.487574+02	11	\N	f
273	L'équipement Pompe hydraulique a terminé sa maintenance et est retourné en fonctionnement.	info	2025-06-24 21:29:50.491779+02	19	\N	f
274	L'équipement Pompe hydraulique a terminé sa maintenance et est retourné en fonctionnement.	info	2025-06-24 21:29:50.493444+02	18	\N	f
275	L'équipement Pompe hydraulique a terminé sa maintenance et est retourné en fonctionnement.	info	2025-06-24 21:29:50.495008+02	10	\N	f
276	L'équipement Pompe hydraulique a terminé sa maintenance et est retourné en fonctionnement.	info	2025-06-24 21:29:50.496682+02	14	\N	f
277	L'équipement Pompe hydraulique a terminé sa maintenance et est retourné en fonctionnement.	info	2025-06-24 21:29:50.498287+02	17	\N	f
278	L'équipement Pompe hydraulique a terminé sa maintenance et est retourné en fonctionnement.	info	2025-06-24 21:29:50.500877+02	22	\N	f
279	L'équipement Pompe hydraulique a terminé sa maintenance et est retourné en fonctionnement.	info	2025-06-24 21:29:50.502548+02	23	\N	f
280	L'équipement Pompe hydraulique a terminé sa maintenance et est retourné en fonctionnement.	info	2025-06-24 21:29:50.504122+02	20	\N	f
281	L'équipement Pompe hydraulique a terminé sa maintenance et est retourné en fonctionnement.	info	2025-06-24 21:29:50.50575+02	16	\N	f
282	L'équipement Pompe hydraulique a terminé sa maintenance et est retourné en fonctionnement.	info	2025-06-24 21:30:02.68564+02	11	\N	f
285	L'équipement Pompe hydraulique a terminé sa maintenance et est retourné en fonctionnement.	info	2025-06-24 21:30:02.690446+02	10	\N	t
284	L'équipement Pompe hydraulique a terminé sa maintenance et est retourné en fonctionnement.	info	2025-06-24 21:30:02.689132+02	18	\N	t
283	L'équipement Pompe hydraulique a terminé sa maintenance et est retourné en fonctionnement.	info	2025-06-24 21:30:02.687905+02	19	\N	t
291	L'équipement Pompe hydraulique a terminé sa maintenance et est retourné en fonctionnement.	info	2025-06-24 21:30:02.696936+02	16	\N	t
292	L'équipement yyyy a terminé sa maintenance et est retourné en fonctionnement.	info	2025-06-24 21:39:23.216177+02	11	\N	f
293	L'équipement yyyy a terminé sa maintenance et est retourné en fonctionnement.	info	2025-06-24 21:39:23.220949+02	19	\N	f
294	L'équipement yyyy a terminé sa maintenance et est retourné en fonctionnement.	info	2025-06-24 21:39:23.222618+02	18	\N	f
295	L'équipement yyyy a terminé sa maintenance et est retourné en fonctionnement.	info	2025-06-24 21:39:23.224261+02	10	\N	f
296	L'équipement yyyy a terminé sa maintenance et est retourné en fonctionnement.	info	2025-06-24 21:39:23.22593+02	14	\N	f
298	L'équipement yyyy a terminé sa maintenance et est retourné en fonctionnement.	info	2025-06-24 21:39:23.22918+02	22	\N	t
297	L'équipement yyyy a terminé sa maintenance et est retourné en fonctionnement.	info	2025-06-24 21:39:23.227515+02	17	\N	t
343	L'équipement Pompe hydraulique a terminé sa maintenance et est retourné en fonctionnement.	info	2025-06-24 22:39:15.416076+02	19	\N	f
344	L'équipement Pompe hydraulique a terminé sa maintenance et est retourné en fonctionnement.	info	2025-06-24 22:39:15.418032+02	18	\N	f
322	L'équipement Générateur Diesel GD-5000 a terminé sa maintenance et est retourné en fonctionnement.	info	2025-06-24 22:23:53.363369+02	11	\N	f
323	L'équipement Générateur Diesel GD-5000 a terminé sa maintenance et est retourné en fonctionnement.	info	2025-06-24 22:23:53.36738+02	19	\N	f
324	L'équipement Générateur Diesel GD-5000 a terminé sa maintenance et est retourné en fonctionnement.	info	2025-06-24 22:23:53.370084+02	18	\N	f
331	L'équipement Générateur Diesel GD-5000 a terminé sa maintenance et est retourné en fonctionnement.	info	2025-06-24 22:23:53.389123+02	16	\N	t
330	L'équipement Générateur Diesel GD-5000 a terminé sa maintenance et est retourné en fonctionnement.	info	2025-06-24 22:23:53.386039+02	20	\N	t
345	L'équipement Pompe hydraulique a terminé sa maintenance et est retourné en fonctionnement.	info	2025-06-24 22:39:15.419931+02	10	\N	f
346	L'équipement Pompe hydraulique a terminé sa maintenance et est retourné en fonctionnement.	info	2025-06-24 22:39:15.421831+02	14	\N	f
347	L'équipement Pompe hydraulique a terminé sa maintenance et est retourné en fonctionnement.	info	2025-06-24 22:39:15.424341+02	17	\N	f
348	L'équipement Pompe hydraulique a terminé sa maintenance et est retourné en fonctionnement.	info	2025-06-24 22:39:15.426635+02	22	\N	f
334	L'équipement PAYPER ASSAC a terminé sa maintenance et est retourné en fonctionnement.	info	2025-06-24 22:27:27.049085+02	18	\N	t
333	L'équipement PAYPER ASSAC a terminé sa maintenance et est retourné en fonctionnement.	info	2025-06-24 22:27:27.044577+02	19	\N	t
332	L'équipement PAYPER ASSAC a terminé sa maintenance et est retourné en fonctionnement.	info	2025-06-24 22:27:27.038971+02	11	\N	t
329	L'équipement Générateur Diesel GD-5000 a terminé sa maintenance et est retourné en fonctionnement.	info	2025-06-24 22:23:53.383283+02	23	\N	t
328	L'équipement Générateur Diesel GD-5000 a terminé sa maintenance et est retourné en fonctionnement.	info	2025-06-24 22:23:53.380766+02	22	\N	t
327	L'équipement Générateur Diesel GD-5000 a terminé sa maintenance et est retourné en fonctionnement.	info	2025-06-24 22:23:53.377686+02	17	\N	t
326	L'équipement Générateur Diesel GD-5000 a terminé sa maintenance et est retourné en fonctionnement.	info	2025-06-24 22:23:53.375079+02	14	\N	t
325	L'équipement Générateur Diesel GD-5000 a terminé sa maintenance et est retourné en fonctionnement.	info	2025-06-24 22:23:53.372582+02	10	\N	t
342	L'équipement Pompe hydraulique a terminé sa maintenance et est retourné en fonctionnement.	info	2025-06-24 22:39:15.41267+02	11	\N	f
349	L'équipement Pompe hydraulique a terminé sa maintenance et est retourné en fonctionnement.	info	2025-06-24 22:39:15.428495+02	23	\N	f
351	L'équipement Pompe hydraulique a terminé sa maintenance et est retourné en fonctionnement.	info	2025-06-24 22:39:15.432102+02	16	\N	t
350	L'équipement Pompe hydraulique a terminé sa maintenance et est retourné en fonctionnement.	info	2025-06-24 22:39:15.430276+02	20	\N	t
352	L'équipement yyyy a terminé sa maintenance et est retourné en fonctionnement.	info	2025-06-24 22:52:27.263806+02	23	\N	f
354	L'équipement yyyy a terminé sa maintenance et est retourné en fonctionnement.	info	2025-06-24 22:52:27.272319+02	16	\N	t
353	L'équipement yyyy a terminé sa maintenance et est retourné en fonctionnement.	info	2025-06-24 22:52:27.268703+02	20	\N	t
355	🚨 Nouvelle panne signalée sur l’équipement : PAYPER ASSAC	alerte	2025-06-24 22:58:00.314731+02	11	\N	f
356	🚨 Nouvelle panne signalée sur l’équipement : PAYPER ASSAC	alerte	2025-06-24 22:58:00.318984+02	19	\N	f
364	Nouvelle panne signalée sur l’équipement: PAYPER ASSAC	panne	2025-06-24 22:58:00.33219+02	\N	\N	t
363	🚨 Nouvelle panne signalée sur l’équipement : PAYPER ASSAC	alerte	2025-06-24 22:58:00.330771+02	16	\N	t
365	Nouvelle panne signalée sur l’équipement: yyyy	panne	2025-06-24 22:59:12.846275+02	\N	\N	t
362	🚨 Nouvelle panne signalée sur l’équipement : PAYPER ASSAC	alerte	2025-06-24 22:58:00.329345+02	20	\N	t
366	Nouvelle panne signalée sur l’équipement: PAYPER	panne	2025-06-24 23:03:18.052526+02	\N	\N	t
361	🚨 Nouvelle panne signalée sur l’équipement : PAYPER ASSAC	alerte	2025-06-24 22:58:00.327855+02	23	\N	t
360	🚨 Nouvelle panne signalée sur l’équipement : PAYPER ASSAC	alerte	2025-06-24 22:58:00.326075+02	22	\N	t
359	🚨 Nouvelle panne signalée sur l’équipement : PAYPER ASSAC	alerte	2025-06-24 22:58:00.323775+02	14	\N	t
358	🚨 Nouvelle panne signalée sur l’équipement : PAYPER ASSAC	alerte	2025-06-24 22:58:00.322146+02	10	\N	t
357	🚨 Nouvelle panne signalée sur l’équipement : PAYPER ASSAC	alerte	2025-06-24 22:58:00.32061+02	18	\N	t
\.


--
-- Data for Name: equipment_panne; Type: TABLE DATA; Schema: public; Owner: postgres
--

COPY public.equipment_panne (id, description, image, date_signalement, est_resolue, date_resolution, equipment_id, signalee_par_id, niveau_urgence) FROM stdin;
43			2025-06-23	t	\N	7	20	moyen
44	.jhhjhj		2025-06-23	t	2025-06-24	3	17	moyen
56	j		2025-06-24	f	\N	3	17	moyen
57	.		2025-06-24	f	\N	7	17	moyen
58	/		2025-06-24	f	\N	1	17	moyen
41	Le compresseur émettait un bruit anormal et la pression atteignait difficilement le seuil de consigne (8 bars). Après inspection, une fuite a été détectée au niveau du joint de culasse.	pannes/compresseur_1_RRjjL1J.jpeg	2025-06-17	t	2025-06-18	4	17	moyen
\.


--
-- Data for Name: equipment_technician; Type: TABLE DATA; Schema: public; Owner: postgres
--

COPY public.equipment_technician (id, name, phone, user_id) FROM stdin;
\.


--
-- Name: auth_group_id_seq; Type: SEQUENCE SET; Schema: public; Owner: postgres
--

SELECT pg_catalog.setval('public.auth_group_id_seq', 1, true);


--
-- Name: auth_group_permissions_id_seq; Type: SEQUENCE SET; Schema: public; Owner: postgres
--

SELECT pg_catalog.setval('public.auth_group_permissions_id_seq', 10, true);


--
-- Name: auth_permission_id_seq; Type: SEQUENCE SET; Schema: public; Owner: postgres
--

SELECT pg_catalog.setval('public.auth_permission_id_seq', 68, true);


--
-- Name: django_admin_log_id_seq; Type: SEQUENCE SET; Schema: public; Owner: postgres
--

SELECT pg_catalog.setval('public.django_admin_log_id_seq', 64, true);


--
-- Name: django_content_type_id_seq; Type: SEQUENCE SET; Schema: public; Owner: postgres
--

SELECT pg_catalog.setval('public.django_content_type_id_seq', 17, true);


--
-- Name: django_migrations_id_seq; Type: SEQUENCE SET; Schema: public; Owner: postgres
--

SELECT pg_catalog.setval('public.django_migrations_id_seq', 40, true);


--
-- Name: equipment_activite_id_seq; Type: SEQUENCE SET; Schema: public; Owner: postgres
--

SELECT pg_catalog.setval('public.equipment_activite_id_seq', 34, true);


--
-- Name: equipment_adminprofile_id_seq; Type: SEQUENCE SET; Schema: public; Owner: postgres
--

SELECT pg_catalog.setval('public.equipment_adminprofile_id_seq', 1, false);


--
-- Name: equipment_customuser_groups_id_seq; Type: SEQUENCE SET; Schema: public; Owner: postgres
--

SELECT pg_catalog.setval('public.equipment_customuser_groups_id_seq', 1, false);


--
-- Name: equipment_customuser_id_seq; Type: SEQUENCE SET; Schema: public; Owner: postgres
--

SELECT pg_catalog.setval('public.equipment_customuser_id_seq', 27, true);


--
-- Name: equipment_customuser_user_permissions_id_seq; Type: SEQUENCE SET; Schema: public; Owner: postgres
--

SELECT pg_catalog.setval('public.equipment_customuser_user_permissions_id_seq', 1, false);


--
-- Name: equipment_demande_id_seq; Type: SEQUENCE SET; Schema: public; Owner: postgres
--

SELECT pg_catalog.setval('public.equipment_demande_id_seq', 1, false);


--
-- Name: equipment_equipementstatistiques_id_seq; Type: SEQUENCE SET; Schema: public; Owner: postgres
--

SELECT pg_catalog.setval('public.equipment_equipementstatistiques_id_seq', 1, false);


--
-- Name: equipment_equipment_id_seq; Type: SEQUENCE SET; Schema: public; Owner: postgres
--

SELECT pg_catalog.setval('public.equipment_equipment_id_seq', 10, true);


--
-- Name: equipment_maintenance_id_seq; Type: SEQUENCE SET; Schema: public; Owner: postgres
--

SELECT pg_catalog.setval('public.equipment_maintenance_id_seq', 58, true);


--
-- Name: equipment_notification_id_seq; Type: SEQUENCE SET; Schema: public; Owner: postgres
--

SELECT pg_catalog.setval('public.equipment_notification_id_seq', 366, true);


--
-- Name: equipment_panne_id_seq; Type: SEQUENCE SET; Schema: public; Owner: postgres
--

SELECT pg_catalog.setval('public.equipment_panne_id_seq', 58, true);


--
-- Name: equipment_technician_id_seq; Type: SEQUENCE SET; Schema: public; Owner: postgres
--

SELECT pg_catalog.setval('public.equipment_technician_id_seq', 1, false);


--
-- Name: auth_group auth_group_name_key; Type: CONSTRAINT; Schema: public; Owner: postgres
--

ALTER TABLE ONLY public.auth_group
    ADD CONSTRAINT auth_group_name_key UNIQUE (name);


--
-- Name: auth_group_permissions auth_group_permissions_group_id_permission_id_0cd325b0_uniq; Type: CONSTRAINT; Schema: public; Owner: postgres
--

ALTER TABLE ONLY public.auth_group_permissions
    ADD CONSTRAINT auth_group_permissions_group_id_permission_id_0cd325b0_uniq UNIQUE (group_id, permission_id);


--
-- Name: auth_group_permissions auth_group_permissions_pkey; Type: CONSTRAINT; Schema: public; Owner: postgres
--

ALTER TABLE ONLY public.auth_group_permissions
    ADD CONSTRAINT auth_group_permissions_pkey PRIMARY KEY (id);


--
-- Name: auth_group auth_group_pkey; Type: CONSTRAINT; Schema: public; Owner: postgres
--

ALTER TABLE ONLY public.auth_group
    ADD CONSTRAINT auth_group_pkey PRIMARY KEY (id);


--
-- Name: auth_permission auth_permission_content_type_id_codename_01ab375a_uniq; Type: CONSTRAINT; Schema: public; Owner: postgres
--

ALTER TABLE ONLY public.auth_permission
    ADD CONSTRAINT auth_permission_content_type_id_codename_01ab375a_uniq UNIQUE (content_type_id, codename);


--
-- Name: auth_permission auth_permission_pkey; Type: CONSTRAINT; Schema: public; Owner: postgres
--

ALTER TABLE ONLY public.auth_permission
    ADD CONSTRAINT auth_permission_pkey PRIMARY KEY (id);


--
-- Name: authtoken_token authtoken_token_pkey; Type: CONSTRAINT; Schema: public; Owner: postgres
--

ALTER TABLE ONLY public.authtoken_token
    ADD CONSTRAINT authtoken_token_pkey PRIMARY KEY (key);


--
-- Name: authtoken_token authtoken_token_user_id_key; Type: CONSTRAINT; Schema: public; Owner: postgres
--

ALTER TABLE ONLY public.authtoken_token
    ADD CONSTRAINT authtoken_token_user_id_key UNIQUE (user_id);


--
-- Name: django_admin_log django_admin_log_pkey; Type: CONSTRAINT; Schema: public; Owner: postgres
--

ALTER TABLE ONLY public.django_admin_log
    ADD CONSTRAINT django_admin_log_pkey PRIMARY KEY (id);


--
-- Name: django_content_type django_content_type_app_label_model_76bd3d3b_uniq; Type: CONSTRAINT; Schema: public; Owner: postgres
--

ALTER TABLE ONLY public.django_content_type
    ADD CONSTRAINT django_content_type_app_label_model_76bd3d3b_uniq UNIQUE (app_label, model);


--
-- Name: django_content_type django_content_type_pkey; Type: CONSTRAINT; Schema: public; Owner: postgres
--

ALTER TABLE ONLY public.django_content_type
    ADD CONSTRAINT django_content_type_pkey PRIMARY KEY (id);


--
-- Name: django_migrations django_migrations_pkey; Type: CONSTRAINT; Schema: public; Owner: postgres
--

ALTER TABLE ONLY public.django_migrations
    ADD CONSTRAINT django_migrations_pkey PRIMARY KEY (id);


--
-- Name: django_session django_session_pkey; Type: CONSTRAINT; Schema: public; Owner: postgres
--

ALTER TABLE ONLY public.django_session
    ADD CONSTRAINT django_session_pkey PRIMARY KEY (session_key);


--
-- Name: equipment_activite equipment_activite_pkey; Type: CONSTRAINT; Schema: public; Owner: postgres
--

ALTER TABLE ONLY public.equipment_activite
    ADD CONSTRAINT equipment_activite_pkey PRIMARY KEY (id);


--
-- Name: equipment_adminprofile equipment_adminprofile_pkey; Type: CONSTRAINT; Schema: public; Owner: postgres
--

ALTER TABLE ONLY public.equipment_adminprofile
    ADD CONSTRAINT equipment_adminprofile_pkey PRIMARY KEY (id);


--
-- Name: equipment_adminprofile equipment_adminprofile_user_id_key; Type: CONSTRAINT; Schema: public; Owner: postgres
--

ALTER TABLE ONLY public.equipment_adminprofile
    ADD CONSTRAINT equipment_adminprofile_user_id_key UNIQUE (user_id);


--
-- Name: equipment_customuser equipment_customuser_email_key; Type: CONSTRAINT; Schema: public; Owner: postgres
--

ALTER TABLE ONLY public.equipment_customuser
    ADD CONSTRAINT equipment_customuser_email_key UNIQUE (email);


--
-- Name: equipment_customuser_groups equipment_customuser_gro_customuser_id_group_id_11e72d2d_uniq; Type: CONSTRAINT; Schema: public; Owner: postgres
--

ALTER TABLE ONLY public.equipment_customuser_groups
    ADD CONSTRAINT equipment_customuser_gro_customuser_id_group_id_11e72d2d_uniq UNIQUE (customuser_id, group_id);


--
-- Name: equipment_customuser_groups equipment_customuser_groups_pkey; Type: CONSTRAINT; Schema: public; Owner: postgres
--

ALTER TABLE ONLY public.equipment_customuser_groups
    ADD CONSTRAINT equipment_customuser_groups_pkey PRIMARY KEY (id);


--
-- Name: equipment_customuser equipment_customuser_pkey; Type: CONSTRAINT; Schema: public; Owner: postgres
--

ALTER TABLE ONLY public.equipment_customuser
    ADD CONSTRAINT equipment_customuser_pkey PRIMARY KEY (id);


--
-- Name: equipment_customuser_user_permissions equipment_customuser_use_customuser_id_permission_c99d3914_uniq; Type: CONSTRAINT; Schema: public; Owner: postgres
--

ALTER TABLE ONLY public.equipment_customuser_user_permissions
    ADD CONSTRAINT equipment_customuser_use_customuser_id_permission_c99d3914_uniq UNIQUE (customuser_id, permission_id);


--
-- Name: equipment_customuser_user_permissions equipment_customuser_user_permissions_pkey; Type: CONSTRAINT; Schema: public; Owner: postgres
--

ALTER TABLE ONLY public.equipment_customuser_user_permissions
    ADD CONSTRAINT equipment_customuser_user_permissions_pkey PRIMARY KEY (id);


--
-- Name: equipment_demande equipment_demande_pkey; Type: CONSTRAINT; Schema: public; Owner: postgres
--

ALTER TABLE ONLY public.equipment_demande
    ADD CONSTRAINT equipment_demande_pkey PRIMARY KEY (id);


--
-- Name: equipment_equipementstatistiques equipment_equipementstatistiques_pkey; Type: CONSTRAINT; Schema: public; Owner: postgres
--

ALTER TABLE ONLY public.equipment_equipementstatistiques
    ADD CONSTRAINT equipment_equipementstatistiques_pkey PRIMARY KEY (id);


--
-- Name: equipment_equipment equipment_equipment_pkey; Type: CONSTRAINT; Schema: public; Owner: postgres
--

ALTER TABLE ONLY public.equipment_equipment
    ADD CONSTRAINT equipment_equipment_pkey PRIMARY KEY (id);


--
-- Name: equipment_maintenance equipment_maintenance_pkey; Type: CONSTRAINT; Schema: public; Owner: postgres
--

ALTER TABLE ONLY public.equipment_maintenance
    ADD CONSTRAINT equipment_maintenance_pkey PRIMARY KEY (id);


--
-- Name: equipment_notification equipment_notification_pkey; Type: CONSTRAINT; Schema: public; Owner: postgres
--

ALTER TABLE ONLY public.equipment_notification
    ADD CONSTRAINT equipment_notification_pkey PRIMARY KEY (id);


--
-- Name: equipment_panne equipment_panne_pkey; Type: CONSTRAINT; Schema: public; Owner: postgres
--

ALTER TABLE ONLY public.equipment_panne
    ADD CONSTRAINT equipment_panne_pkey PRIMARY KEY (id);


--
-- Name: equipment_technician equipment_technician_pkey; Type: CONSTRAINT; Schema: public; Owner: postgres
--

ALTER TABLE ONLY public.equipment_technician
    ADD CONSTRAINT equipment_technician_pkey PRIMARY KEY (id);


--
-- Name: equipment_technician equipment_technician_user_id_key; Type: CONSTRAINT; Schema: public; Owner: postgres
--

ALTER TABLE ONLY public.equipment_technician
    ADD CONSTRAINT equipment_technician_user_id_key UNIQUE (user_id);


--
-- Name: auth_group_name_a6ea08ec_like; Type: INDEX; Schema: public; Owner: postgres
--

CREATE INDEX auth_group_name_a6ea08ec_like ON public.auth_group USING btree (name varchar_pattern_ops);


--
-- Name: auth_group_permissions_group_id_b120cbf9; Type: INDEX; Schema: public; Owner: postgres
--

CREATE INDEX auth_group_permissions_group_id_b120cbf9 ON public.auth_group_permissions USING btree (group_id);


--
-- Name: auth_group_permissions_permission_id_84c5c92e; Type: INDEX; Schema: public; Owner: postgres
--

CREATE INDEX auth_group_permissions_permission_id_84c5c92e ON public.auth_group_permissions USING btree (permission_id);


--
-- Name: auth_permission_content_type_id_2f476e4b; Type: INDEX; Schema: public; Owner: postgres
--

CREATE INDEX auth_permission_content_type_id_2f476e4b ON public.auth_permission USING btree (content_type_id);


--
-- Name: authtoken_token_key_10f0b77e_like; Type: INDEX; Schema: public; Owner: postgres
--

CREATE INDEX authtoken_token_key_10f0b77e_like ON public.authtoken_token USING btree (key varchar_pattern_ops);


--
-- Name: django_admin_log_content_type_id_c4bce8eb; Type: INDEX; Schema: public; Owner: postgres
--

CREATE INDEX django_admin_log_content_type_id_c4bce8eb ON public.django_admin_log USING btree (content_type_id);


--
-- Name: django_admin_log_user_id_c564eba6; Type: INDEX; Schema: public; Owner: postgres
--

CREATE INDEX django_admin_log_user_id_c564eba6 ON public.django_admin_log USING btree (user_id);


--
-- Name: django_session_expire_date_a5c62663; Type: INDEX; Schema: public; Owner: postgres
--

CREATE INDEX django_session_expire_date_a5c62663 ON public.django_session USING btree (expire_date);


--
-- Name: django_session_session_key_c0390e0f_like; Type: INDEX; Schema: public; Owner: postgres
--

CREATE INDEX django_session_session_key_c0390e0f_like ON public.django_session USING btree (session_key varchar_pattern_ops);


--
-- Name: equipment_activite_utilisateur_id_8b4690af; Type: INDEX; Schema: public; Owner: postgres
--

CREATE INDEX equipment_activite_utilisateur_id_8b4690af ON public.equipment_activite USING btree (utilisateur_id);


--
-- Name: equipment_customuser_email_8d7d2f3a_like; Type: INDEX; Schema: public; Owner: postgres
--

CREATE INDEX equipment_customuser_email_8d7d2f3a_like ON public.equipment_customuser USING btree (email varchar_pattern_ops);


--
-- Name: equipment_customuser_groups_customuser_id_de816e92; Type: INDEX; Schema: public; Owner: postgres
--

CREATE INDEX equipment_customuser_groups_customuser_id_de816e92 ON public.equipment_customuser_groups USING btree (customuser_id);


--
-- Name: equipment_customuser_groups_group_id_3408fb6d; Type: INDEX; Schema: public; Owner: postgres
--

CREATE INDEX equipment_customuser_groups_group_id_3408fb6d ON public.equipment_customuser_groups USING btree (group_id);


--
-- Name: equipment_customuser_user_permissions_customuser_id_8356c591; Type: INDEX; Schema: public; Owner: postgres
--

CREATE INDEX equipment_customuser_user_permissions_customuser_id_8356c591 ON public.equipment_customuser_user_permissions USING btree (customuser_id);


--
-- Name: equipment_customuser_user_permissions_permission_id_1e005b30; Type: INDEX; Schema: public; Owner: postgres
--

CREATE INDEX equipment_customuser_user_permissions_permission_id_1e005b30 ON public.equipment_customuser_user_permissions USING btree (permission_id);


--
-- Name: equipment_maintenance_machine_id_21302eb8; Type: INDEX; Schema: public; Owner: postgres
--

CREATE INDEX equipment_maintenance_machine_id_21302eb8 ON public.equipment_maintenance USING btree (machine_id);


--
-- Name: equipment_maintenance_technicien_id_3d7bcdf5; Type: INDEX; Schema: public; Owner: postgres
--

CREATE INDEX equipment_maintenance_technicien_id_3d7bcdf5 ON public.equipment_maintenance USING btree (technicien_id);


--
-- Name: equipment_notification_recipient_group_id_6d8e3e79; Type: INDEX; Schema: public; Owner: postgres
--

CREATE INDEX equipment_notification_recipient_group_id_6d8e3e79 ON public.equipment_notification USING btree (recipient_group_id);


--
-- Name: equipment_notification_user_id_33b60d39; Type: INDEX; Schema: public; Owner: postgres
--

CREATE INDEX equipment_notification_user_id_33b60d39 ON public.equipment_notification USING btree (recipient_user_id);


--
-- Name: equipment_panne_equipment_id_670ba909; Type: INDEX; Schema: public; Owner: postgres
--

CREATE INDEX equipment_panne_equipment_id_670ba909 ON public.equipment_panne USING btree (equipment_id);


--
-- Name: equipment_panne_signalee_par_id_53179497; Type: INDEX; Schema: public; Owner: postgres
--

CREATE INDEX equipment_panne_signalee_par_id_53179497 ON public.equipment_panne USING btree (signalee_par_id);


--
-- Name: auth_group_permissions auth_group_permissio_permission_id_84c5c92e_fk_auth_perm; Type: FK CONSTRAINT; Schema: public; Owner: postgres
--

ALTER TABLE ONLY public.auth_group_permissions
    ADD CONSTRAINT auth_group_permissio_permission_id_84c5c92e_fk_auth_perm FOREIGN KEY (permission_id) REFERENCES public.auth_permission(id) DEFERRABLE INITIALLY DEFERRED;


--
-- Name: auth_group_permissions auth_group_permissions_group_id_b120cbf9_fk_auth_group_id; Type: FK CONSTRAINT; Schema: public; Owner: postgres
--

ALTER TABLE ONLY public.auth_group_permissions
    ADD CONSTRAINT auth_group_permissions_group_id_b120cbf9_fk_auth_group_id FOREIGN KEY (group_id) REFERENCES public.auth_group(id) DEFERRABLE INITIALLY DEFERRED;


--
-- Name: auth_permission auth_permission_content_type_id_2f476e4b_fk_django_co; Type: FK CONSTRAINT; Schema: public; Owner: postgres
--

ALTER TABLE ONLY public.auth_permission
    ADD CONSTRAINT auth_permission_content_type_id_2f476e4b_fk_django_co FOREIGN KEY (content_type_id) REFERENCES public.django_content_type(id) DEFERRABLE INITIALLY DEFERRED;


--
-- Name: authtoken_token authtoken_token_user_id_35299eff_fk_equipment_customuser_id; Type: FK CONSTRAINT; Schema: public; Owner: postgres
--

ALTER TABLE ONLY public.authtoken_token
    ADD CONSTRAINT authtoken_token_user_id_35299eff_fk_equipment_customuser_id FOREIGN KEY (user_id) REFERENCES public.equipment_customuser(id) DEFERRABLE INITIALLY DEFERRED;


--
-- Name: django_admin_log django_admin_log_content_type_id_c4bce8eb_fk_django_co; Type: FK CONSTRAINT; Schema: public; Owner: postgres
--

ALTER TABLE ONLY public.django_admin_log
    ADD CONSTRAINT django_admin_log_content_type_id_c4bce8eb_fk_django_co FOREIGN KEY (content_type_id) REFERENCES public.django_content_type(id) DEFERRABLE INITIALLY DEFERRED;


--
-- Name: django_admin_log django_admin_log_user_id_c564eba6_fk_equipment_customuser_id; Type: FK CONSTRAINT; Schema: public; Owner: postgres
--

ALTER TABLE ONLY public.django_admin_log
    ADD CONSTRAINT django_admin_log_user_id_c564eba6_fk_equipment_customuser_id FOREIGN KEY (user_id) REFERENCES public.equipment_customuser(id) DEFERRABLE INITIALLY DEFERRED;


--
-- Name: equipment_activite equipment_activite_utilisateur_id_8b4690af_fk_equipment; Type: FK CONSTRAINT; Schema: public; Owner: postgres
--

ALTER TABLE ONLY public.equipment_activite
    ADD CONSTRAINT equipment_activite_utilisateur_id_8b4690af_fk_equipment FOREIGN KEY (utilisateur_id) REFERENCES public.equipment_customuser(id) DEFERRABLE INITIALLY DEFERRED;


--
-- Name: equipment_adminprofile equipment_adminprofi_user_id_9e1b42dc_fk_equipment; Type: FK CONSTRAINT; Schema: public; Owner: postgres
--

ALTER TABLE ONLY public.equipment_adminprofile
    ADD CONSTRAINT equipment_adminprofi_user_id_9e1b42dc_fk_equipment FOREIGN KEY (user_id) REFERENCES public.equipment_customuser(id) DEFERRABLE INITIALLY DEFERRED;


--
-- Name: equipment_customuser_user_permissions equipment_customuser_customuser_id_8356c591_fk_equipment; Type: FK CONSTRAINT; Schema: public; Owner: postgres
--

ALTER TABLE ONLY public.equipment_customuser_user_permissions
    ADD CONSTRAINT equipment_customuser_customuser_id_8356c591_fk_equipment FOREIGN KEY (customuser_id) REFERENCES public.equipment_customuser(id) DEFERRABLE INITIALLY DEFERRED;


--
-- Name: equipment_customuser_groups equipment_customuser_customuser_id_de816e92_fk_equipment; Type: FK CONSTRAINT; Schema: public; Owner: postgres
--

ALTER TABLE ONLY public.equipment_customuser_groups
    ADD CONSTRAINT equipment_customuser_customuser_id_de816e92_fk_equipment FOREIGN KEY (customuser_id) REFERENCES public.equipment_customuser(id) DEFERRABLE INITIALLY DEFERRED;


--
-- Name: equipment_customuser_groups equipment_customuser_groups_group_id_3408fb6d_fk_auth_group_id; Type: FK CONSTRAINT; Schema: public; Owner: postgres
--

ALTER TABLE ONLY public.equipment_customuser_groups
    ADD CONSTRAINT equipment_customuser_groups_group_id_3408fb6d_fk_auth_group_id FOREIGN KEY (group_id) REFERENCES public.auth_group(id) DEFERRABLE INITIALLY DEFERRED;


--
-- Name: equipment_customuser_user_permissions equipment_customuser_permission_id_1e005b30_fk_auth_perm; Type: FK CONSTRAINT; Schema: public; Owner: postgres
--

ALTER TABLE ONLY public.equipment_customuser_user_permissions
    ADD CONSTRAINT equipment_customuser_permission_id_1e005b30_fk_auth_perm FOREIGN KEY (permission_id) REFERENCES public.auth_permission(id) DEFERRABLE INITIALLY DEFERRED;


--
-- Name: equipment_maintenance equipment_maintenanc_machine_id_21302eb8_fk_equipment; Type: FK CONSTRAINT; Schema: public; Owner: postgres
--

ALTER TABLE ONLY public.equipment_maintenance
    ADD CONSTRAINT equipment_maintenanc_machine_id_21302eb8_fk_equipment FOREIGN KEY (machine_id) REFERENCES public.equipment_equipment(id) DEFERRABLE INITIALLY DEFERRED;


--
-- Name: equipment_maintenance equipment_maintenanc_technicien_id_3d7bcdf5_fk_equipment; Type: FK CONSTRAINT; Schema: public; Owner: postgres
--

ALTER TABLE ONLY public.equipment_maintenance
    ADD CONSTRAINT equipment_maintenanc_technicien_id_3d7bcdf5_fk_equipment FOREIGN KEY (technicien_id) REFERENCES public.equipment_customuser(id) DEFERRABLE INITIALLY DEFERRED;


--
-- Name: equipment_notification equipment_notificati_recipient_group_id_6d8e3e79_fk_auth_grou; Type: FK CONSTRAINT; Schema: public; Owner: postgres
--

ALTER TABLE ONLY public.equipment_notification
    ADD CONSTRAINT equipment_notificati_recipient_group_id_6d8e3e79_fk_auth_grou FOREIGN KEY (recipient_group_id) REFERENCES public.auth_group(id) DEFERRABLE INITIALLY DEFERRED;


--
-- Name: equipment_notification equipment_notificati_recipient_user_id_418e5861_fk_equipment; Type: FK CONSTRAINT; Schema: public; Owner: postgres
--

ALTER TABLE ONLY public.equipment_notification
    ADD CONSTRAINT equipment_notificati_recipient_user_id_418e5861_fk_equipment FOREIGN KEY (recipient_user_id) REFERENCES public.equipment_customuser(id) DEFERRABLE INITIALLY DEFERRED;


--
-- Name: equipment_panne equipment_panne_equipment_id_670ba909_fk_equipment_equipment_id; Type: FK CONSTRAINT; Schema: public; Owner: postgres
--

ALTER TABLE ONLY public.equipment_panne
    ADD CONSTRAINT equipment_panne_equipment_id_670ba909_fk_equipment_equipment_id FOREIGN KEY (equipment_id) REFERENCES public.equipment_equipment(id) DEFERRABLE INITIALLY DEFERRED;


--
-- Name: equipment_panne equipment_panne_signalee_par_id_53179497_fk_equipment; Type: FK CONSTRAINT; Schema: public; Owner: postgres
--

ALTER TABLE ONLY public.equipment_panne
    ADD CONSTRAINT equipment_panne_signalee_par_id_53179497_fk_equipment FOREIGN KEY (signalee_par_id) REFERENCES public.equipment_customuser(id) DEFERRABLE INITIALLY DEFERRED;


--
-- Name: equipment_technician equipment_technician_user_id_d250359b_fk_equipment; Type: FK CONSTRAINT; Schema: public; Owner: postgres
--

ALTER TABLE ONLY public.equipment_technician
    ADD CONSTRAINT equipment_technician_user_id_d250359b_fk_equipment FOREIGN KEY (user_id) REFERENCES public.equipment_customuser(id) DEFERRABLE INITIALLY DEFERRED;


--
-- PostgreSQL database dump complete
--

